구역명,구역유형,위도,경도,면적
가재울8재정비촉진구역,도시환경정비사업구역,37.570923,126.914736,13245.9
4구역,도시환경정비사업구역,37.569677,126.996575,32157.0
신촌지역(마포)1-2지구 도시정비형 재개발구,도시환경정비사업구역,37.555908,126.93363,1427.2
양평제14 도시환경정비구역,도시환경정비사업구역,37.523882,126.885102,11105.2
양평제12 도시환경정비구역,도시환경정비사업구역,37.524442,126.887155,37609.6
공평 도시정비형 재개발구역,도시환경정비사업구역,37.571558,126.985595,94957.4
천호1구역,도시환경정비사업구역,37.541305,127.127958,38213.4
신촌지역 마포2도시환경정비구역,도시환경정비사업구역,37.554844,126.935477,9542.8
창신1도시정비형 재개발구역 1-6,도시환경정비사업구역,37.571456,127.011767,4009.0
천호_성내재정비촉진지구천호2구역도,도시환경정비사업구역,37.538693,127.126093,19865.1
용산공원남측도시환경정비사업,도시환경정비사업구역,37.524051,126.971506,50311.3
창신2도시정비형 재개발구역 2-3,도시환경정비사업구역,37.572156,127.013663,705.4
신길역세권 장기전세주택 도시정비형 재개발구역,도시환경정비사업구역,37.516233,126.91568,29111.1
마포로1구역 제24지구 재개발사업,도시환경정비사업구역,37.537204,126.944228,4661.7
창신2도시정비형 재개발구역 2-1,도시환경정비사업구역,37.57179,127.012669,800.6
창신4도시정비형 재개발구역 4-3,도시환경정비사업구역,37.571752,127.015214,5773.6
마포로3구역 제1지구 도시정비형 재개발사업,도시환경정비사업구역,37.551253,126.955078,4574.0
수송1-9 도시환경정비사업,도시환경정비사업구역,37.572621,126.981068,3288.2
도렴도시환경정비사업,도시환경정비사업구역,37.572054,126.973711,68043.1
사직1구역도시환경정비사업,도시환경정비사업구역,37.574205,126.96862,40136.4
명동도시정비형재개발구역,도시환경정비사업구역,37.565351,126.986654,18529.5
자양4 재정비촉진지구,도시환경정비사업구역,37.537767,127.081528,10804.8
양평 제13구역 도시정비형 재개발사업,도시환경정비사업구역,37.52513,126.88481,27489.6
5-1·3구역,도시환경정비사업구역,37.567843,126.996038,7610.8
창신1도시정비형 재개발구역 1-A,도시환경정비사업구역,37.570479,127.010935,17735.1
동자동제8구역도시환경정비사업,도시환경정비사업구역,37.550862,126.972784,5879.6
국립중앙의료원 부지 특별계획구역,도시환경정비사업구역,37.567438,127.006023,28051.2
내자·필운구역 도시정비형 재개발사업,도시환경정비사업구역,37.575333,126.970546,20714.4
창신4도시정비형 재개발구역 4-2,도시환경정비사업구역,37.572532,127.015308,1161.6
창신4도시정비형 재개발구역 4-1,도시환경정비사업구역,37.572034,127.014567,11891.4
창신4도시정비형 재개발구역,도시환경정비사업구역,37.571978,127.014811,18826.9
마포로3구역 제3지구 도시정비형재개발사업,도시환경정비사업구역,37.552891,126.95581,5562.2
청진구역 제17지구 도시환경정비구역,도시환경정비사업구역,37.57182,126.982209,1921.1
청량리4 재정비촉진구역,도시환경정비사업구역,37.578947,127.04496,41584.3
강북5 재정비촉진구역,도시환경정비사업구역,37.614555,127.029289,12701.6
삼양사거리역세권 장기전세주택 도시정비형재개발구역,도시환경정비사업구역,37.623145,127.020397,17716.6
신용산역 북측 제1구역 도시정비형 재개발구,도시환경정비사업구역,37.533058,126.970458,14056.8
청량리재정비촉진지구 1구역도시환경,도시환경정비사업구역,37.578696,127.041803,1823.5
세운 6-1-3구역,도시환경정비사업구역,37.565402,126.995258,15987.3
창신1도시정비형 재개발구역,도시환경정비사업구역,37.5708,127.011384,37440.6
문래동1가B 도시정비형재개발구역,도시환경정비사업구역,37.510932,126.894607,27692.4
남대문 도시정비형 재개발구역,도시환경정비사업구역,37.560076,126.978803,73835.5
성내3 촉진구역 도시환경정비사업,도시환경정비사업구역,37.537402,127.125614,6502.1
천호_성내재정비촉진지구성내2구역도,도시환경정비사업구역,37.536689,127.126852,18690.6
내수도시환경정비사업,도시환경정비사업구역,37.573443,126.971534,35430.8
서린도시환경정비사업,도시환경정비사업구역,37.569644,126.980411,32430.3
동자동 도시환경정비구역,도시환경정비사업구역,37.551887,126.973294,43924.9
창신1도시정비형 재개발구역 1-10,도시환경정비사업구역,37.570474,127.012258,2269.7
신도림동 293번지 일대 도시환경정비,도시환경정비사업구역,37.509907,126.879288,197565.4
신촌지역(마포)3-3지구 도시정비형 재개발구,도시환경정비사업구역,37.553905,126.937446,3252.4
청진1지구 도시환경정비구역,도시환경정비사업구역,37.572017,126.978856,4170.5
천왕2역세권 공공임대주택 건립,도시환경정비사업구역,37.488275,126.839039,12745.6
충현2구역 도시정비형 재개발구역,도시환경정비사업구역,37.566743,126.965186,1792.8
청량리재정비촉진지구 2구역도시환경,도시환경정비사업구역,37.578828,127.042193,1935.0
명동구역 제3지구 도시환경정비사업,도시환경정비사업구역,37.565692,126.987128,2751.7
다동도시환경정비사업,도시환경정비사업구역,37.56748,126.980874,80304.0
서소문 도시정비형  재개발구역,도시환경정비사업구역,37.561857,126.974276,91391.9
창신1도시정비형 재개발구역 1-5,도시환경정비사업구역,37.570526,127.011682,1277.0
합정재정비촉진지구3구역도시환경정,도시환경정비사업구역,37.549973,126.912203,10575.5
용두1 재정비촉진구역,도시환경정비사업구역,37.577637,127.040187,51329.5
3-7구역,도시환경정비사업구역,37.567548,126.994881,2721.6
마포로3구역,도시환경정비사업구역,37.552491,126.956176,39727.6
홍제역 역세권 활성화사업 도시정비형 재개발정비구역,도시환경정비사업구역,37.591116,126.943508,42515.2
마포로1구역제34지구,도시환경정비사업구역,37.540695,126.94836,4086.6
합정4도시환경정비사업,도시환경정비사업구역,37.549128,126.911214,4959.3
수송 도시정비형재개발구역,도시환경정비사업구역,37.573396,126.980186,72783.0
성내재정비촉진구역4구역,도시환경정비사업구역,37.537032,127.123915,17723.2
적선도시환경정비사업,도시환경정비사업구역,37.574878,126.97353,21163.3
을지로2가도시환경정비구역,도시환경정비사업구역,37.567263,126.985016,85651.9
광운대역세권 공공임대주택 건립,도시환경정비사업구역,37.62267,127.061281,3558.3
세운재정비촉진지구3구역도시환경정,도시환경정비사업구역,37.567184,126.994127,34583.1
중학1구역도시환경정비사업,도시환경정비사업구역,37.574691,126.979249,8129.3
광희동1가303-1알원도시정비형재개발구역,도시환경정비사업구역,37.565371,127.00372,11981.0
한강로 도시환경정비사업,도시환경정비사업구역,37.53442,126.974676,41744.0
천호8 재정비촉진구역,도시환경정비사업구역,37.537969,127.13086,7635.0
문래동4가 도시환경정비구역,도시환경정비사업구역,37.515122,126.890458,94087.2
길음도시환경정비사업,도시환경정비사업구역,37.605791,127.025954,28251.3
전농 재정비촉진구역(도시정비형 재개발사업),도시환경정비사업구역,37.57724,127.047361,27826.9
1-2구역,도시환경정비사업구역,37.527854,126.964003,8552.3
세운재정비촉진지구6구역도시환경정,도시환경정비사업구역,37.564063,126.995328,205532.4
1-1구역,도시환경정비사업구역,37.527692,126.964406,2742.2
아현제4구역주택재개발 정비구역,도시환경정비사업구역,37.553226,126.958659,63931.9
창신2도시정비형 재개발구역 2-2,도시환경정비사업구역,37.571948,127.013223,2230.4
창신1도시정비형 재개발구역 1-9,도시환경정비사업구역,37.57092,127.012093,2924.5
저동도시환경정비사업,도시환경정비사업구역,37.565673,126.988748,14076.8
내방역 역세권 활성화사업 도시정비형 재개발정비구역,도시환경정비사업구역,37.4876,126.992077,5067.7
동자동1구역도시환경정비사업,도시환경정비사업구역,37.553348,126.973558,3004.6
용산역전면 도시환경정비구역,도시환경정비사업구역,37.52826,126.965664,62770.3
마포로4구역 제9-2지구 도시환경정비,도시환경정비사업구역,37.565182,126.966757,1000.7
마포로5 도시정비형 재개발구역,도시환경정비사업구역,37.560727,126.96568,61821.5
문래동2·3가B 도시정비형 재개발구역,도시환경정비사업구역,37.514159,126.894793,34226.4
신촌지역(마포) 2-7지구 도시정비형 재개발구,도시환경정비사업구역,37.554713,126.935124,1893.3
미공병단 부지 특별계획구역,도시환경정비사업구역,37.568563,127.003896,42337.4
상봉8재정비촉진구역도시환경정비사,도시환경정비사업구역,37.598152,127.090626,25311.0
장교구역 제12지구 도시환경정비사업,도시환경정비사업구역,37.567688,126.989294,1609.1
장안평 중고차매매센터 도시환경정비,도시환경정비사업구역,37.559834,127.06623,29884.6
국제빌딩주변 제3구역,도시환경정비사업구역,37.527289,126.968698,12313.7
영등포1-11재정비촉진구역,도시환경정비사업구역,37.521104,126.90584,17391.8
동자동 제4구역 도시환경정비사업,도시환경정비사업구역,37.551338,126.973381,11911.5
행당동 248번지 일대 역세권활성화사업 도시정비형재？,도시환경정비사업구역,37.560011,127.035481,11463.6
합정재정비촉진지구1구역도시환경정,도시환경정비사업구역,37.551061,126.913825,37760.4
영등포1-12 재정비촉진구역,도시환경정비사업구역,37.520314,126.90705,31199.6
남대문구역 제7-1지구,도시환경정비사업구역,37.559659,126.978927,2196.1
국제빌딩주변 제1구역,도시환경정비사업구역,37.528734,126.968901,26793.2
6-4-22·23 구역,도시환경정비사업구역,37.562298,126.996814,5724.3
창신3도시정비형 재개발구역,도시환경정비사업구역,37.570625,127.014282,33484.3
양동구역 제4-2.7지구 도시환경정비사,도시환경정비사업구역,37.555267,126.975464,20009.2
창신2도시정비형 재개발구역 2-4,도시환경정비사업구역,37.571878,127.013784,1761.6
창신2도시정비형 재개발구역 2-5,도시환경정비사업구역,37.571041,127.01308,5431.2
"남대문 제7-2, 9-2지구",도시환경정비사업구역,37.559879,126.97953,4488.7
문래동1가A 도시정비형재개발구역,도시환경정비사업구역,37.511687,126.894487,45002.9
홍은1 도시정비형 재개발사업,도시환경정비사업구역,37.59247,126.942845,11481.4
쌍림도시환경정비사업,도시환경정비사업구역,37.563916,127.003286,7927.8
상계중앙시장도시환경정비사업,도시환경정비사업구역,37.659783,127.069143,6569.4
신촌지역 마포1도시환경정비구역,도시환경정비사업구역,37.555817,126.93388,7388.7
"청진구역 제2,3지구 도시환경정비사업",도시환경정비사업구역,37.571096,126.97899,8943.1
3-6구역,도시환경정비사업구역,37.567528,126.994219,3813.1
종로6가 도시환경정비사업,도시환경정비사업구역,37.571662,127.007636,12578.3
돈의문2재정비촉진구역,도시환경정비사업구역,37.56806,126.964996,6781.9
도렴4.5지구 도시환경 정비구역,도시환경정비사업구역,37.570725,126.973587,4217.2
용두도시환경정비사업,도시환경정비사업구역,37.577378,127.036591,37838.8
"세운재정비촉진구역6-3-1,2구역",도시환경정비사업구역,37.565866,126.997087,14700.4
양동도시정비형재개발구역,도시환경정비사업구역,37.555189,126.97509,94618.4
세운재정비촉진지구5-2구역도시환경,도시환경정비사업구역,37.567946,126.995381,4607.6
소공도시환경정비사업,도시환경정비사업구역,37.564285,126.978154,13567.3
장교구역 제4지구 도시환경정비구역,도시환경정비사업구역,37.56649,126.988079,2172.8
남영동 업무지구 제2구역 도시정비형 재개발,도시환경정비사업구역,37.543042,126.971853,17625.8
문래동2가B 도시정비형 재개발구역,도시환경정비사업구역,37.513591,126.893189,35716.0
창신2도시정비형 재개발구역 2-A,도시환경정비사업구역,37.571498,127.013224,7184.2
창신1도시정비형 재개발구역 1-7,도시환경정비사업구역,37.57161,127.012291,1673.5
창신1도시정비형 재개발구역 1-8,도시환경정비사업구역,37.571219,127.012272,1655.3
마포로1구역 제48지구 도시정비형 재개발사업,도시환경정비사업구역,37.544036,126.953018,3740.8
신촌지역 마포4 도시정비형 재개발구역,도시환경정비사업구역,37.552902,126.936192,52617.2
3-8·9·10구역,도시환경정비사업구역,37.566951,126.994272,12497.6
마포로2구역10지구 도시환경정비사업,도시환경정비사업구역,37.547991,126.954382,5035.1
합정재정비촉진지구2구역도시환경정,도시환경정비사업구역,37.551091,126.91186,16375.5
관수동일대도시정비형재개발구역,도시환경정비사업구역,37.569302,126.990866,41304.5
창신1도시정비형 재개발구역 1-1,도시환경정비사업구역,37.57143,127.011167,1539.7
공평도시정비형재개발구역 소단위공동개발지구,도시환경정비사업구역,37.572937,126.986867,1993.7
홍제2재정비촉진구역,도시환경정비사업구역,37.590451,126.941547,3069.5
수송1-5 도시환경정비구역,도시환경정비사업구역,37.574404,126.980465,4414.3
강동역 역세권 활성화 도시정비형재개발정비,도시환경정비사업구역,37.535975,127.129718,21461.1
남대문로5가 1구역,도시환경정비사업구역,37.557601,126.973528,823.2
동자동3-2구역도시환경정비사업,도시환경정비사업구역,37.552395,126.973189,642.9
강북5 도시환경정비구역,도시환경정비사업구역,37.614558,127.029288,12798.0
장교 제12지구 도시정비형 재개발구역,도시환경정비사업구역,37.567688,126.989294,1609.1
장교도시환경정비사업,도시환경정비사업구역,37.567292,126.988488,16166.8
영등포1-2 재정비촉진구역,도시환경정비사업구역,37.52455,126.905786,5392.0
신길음1 재정비촉진구역,도시환경정비사업구역,37.611928,127.02958,8495.4
3-2·3구역,도시환경정비사업구역,37.567239,126.993098,10575.9
독바위역세권 도시정비형재개발정비구역,도시환경정비사업구역,37.618345,126.931984,47776.4
마포로6재정비촉진구역,도시환경정비사업구역,37.545431,126.94903,16641.8
"무교,다동 도시환경정비사업",도시환경정비사업구역,37.567667,126.980066,113575.2
문래동2가A 도시정비형 재개발구역,도시환경정비사업구역,37.512346,126.893842,41680.2
자양1재정비촉진구역,도시환경정비사업구역,37.535781,127.088454,78123.8
창신 도시정비형 재개발구역,도시환경정비사업구역,37.571067,127.013191,107865.4
도시환경정비사업구역,도시환경정비사업구역,37.521508,126.908045,27059.9
무교도시환경정비사업,도시환경정비사업구역,37.568025,126.978236,32375.0
돈의문1재정비촉진구역,도시환경정비사업구역,37.570168,126.964663,152595.2
신이문역세권장기전세주택 도시정비형재개발정비구역,도시환경정비사업구역,37.601882,127.066065,39717.8
중학2구역도시환경정비사업,도시환경정비사업구역,37.575455,126.980049,6361.8
흑석2구역,도시환경정비사업구역,37.507867,126.962281,45229.4
사당동 252-15 역세권활성화사업 도시정비형재개발,도시환경정비사업구역,37.484849,126.972902,20005.8
동자동3-1구역도시환경정비사업,도시환경정비사업구역,37.552391,126.973613,1121.5
세운재정비촉진지구4구역도시환경정,도시환경정비사업구역,37.5697,126.996605,33244.5
6-3·3구역,도시환경정비사업구역,37.56566,126.996171,5801.1
강북3 재정비촉진구역,도시환경정비사업구역,37.611288,127.032045,24354.4
신촌지역 마포4-9지구 도시정비형 재개발사업,도시환경정비사업구역,37.553348,126.936176,4764.4
창신2도시정비형 재개발구역,도시환경정비사업구역,37.571492,127.013228,18113.6
천호4 재정비촉진구역,도시환경정비사업구역,37.539101,127.128753,17104.7
을지로3가 도시환경정비구역,도시환경정비사업구역,37.566995,126.990273,42641.6
창신1도시정비형 재개발구역 1-4,도시환경정비사업구역,37.570853,127.01146,1326.5
창신1도시정비형 재개발구역 1-3,도시환경정비사업구역,37.570861,127.010999,992.4
창신1도시정비형 재개발구역 1-2,도시환경정비사업구역,37.571126,127.01119,2038.6
2구역,도시환경정비사업구역,37.527206,126.965156,8700.6
남대문로5가 도시환경정비구역,도시환경정비사업구역,37.55779,126.97453,13771.7
3구역,도시환경정비사업구역,37.529108,126.966981,11975.3
동자동 제2구역,도시환경정비사업구역,37.552699,126.973392,10478.3
재개발사업구역,도시환경정비사업구역,37.571312,126.980554,79047.3
역촌역세권 장기전세주택 도시정비형 재개발정비구역,도시환경정비사업구역,37.608494,126.924303,37249.7
소공4구역도시환경정비사업,도시환경정비사업구역,37.563288,126.980994,15304.9
광화문도시환경정비사업,도시환경정비사업구역,37.570859,126.977973,7859.4
세종로도시환경정비사업,도시환경정비사업구역,37.570996,126.975692,15413.9
순화 도시정비형 재개발구역,도시환경정비사업구역,37.563587,126.970472,14991.1
자양5 재정비촉진구역,도시환경정비사업구역,37.533876,127.086484,55151.6
마포로4구역 도시정비형 재개발사업,도시환경정비사업구역,37.562252,126.963661,45864.3
회현도시환경정비사업,도시환경정비사업구역,37.559152,126.9821,51113.2
연신내구역 도시정비형 재개발사업,도시환경정비사업구역,37.617971,126.923084,8745.8
5구역,도시환경정비사업구역,37.526679,126.966195,6139.0
신월곡1 재정비촉진구역,도시환경정비사업구역,37.605349,127.028624,55924.2
중화3재정비촉진구역,도시환경정비사업구역,37.600166,127.079176,6875.6
신촌지역 마포3도시환경정비구역,도시환경정비사업구역,37.554264,126.937518,8658.2
상봉10재정비촉진구역,도시환경정비사업구역,37.599542,127.094231,11990.9
동자동구역도시환경정비사업,도시환경정비사업구역,37.551887,126.973294,43924.9
마포로1구역 제44-3지구 도시환경정비,도시환경정비사업구역,37.542448,126.95133,499.1
신촌지역 마포4-1지구 도시정비형 재개발사업,도시환경정비사업구역,37.554219,126.936229,1813.5
신촌지역 마포4-10지구 도시정비형 재개발사업,도시환경정비사업구역,37.55319,126.935206,4775.3
도시환경정비사업,도시환경정비사업구역,37.520445,126.851868,35613.8
성내3 재정비촉진구역(도시환경정비,도시환경정비사업구역,37.537417,127.125598,6741.8
수표 도시정비형 재개발구역,도시환경정비사업구역,37.567613,126.991708,12446.5
자양4재정비촉진구역(도시환경정비사,도시환경정비사업구역,37.537767,127.081528,10804.8
합정7재정비촉진구역,도시환경정비사업구역,37.548295,126.912465,2906.0
신촌지역(마포)4-15지구 도시정비형 재개발구역,도시환경정비사업구역,37.552385,126.936938,3272.9
대방역세권 장기전세주택 도시정비형 재개발구역,도시환경정비사업구역,37.513988,126.924958,14969.0
천왕3역세권 장기전세주택 도시정비형 재개발정비구역,도시환경정비사업구역,37.488912,126.837282,8429.9
월곡2구역도시환경정비사업,도시환경정비사업구역,37.604987,127.031017,17752.3
명동구역 제4지구 도시환경정비구역,도시환경정비사업구역,37.565099,126.986998,3006.9
청량리3 재정비촉진구역,도시환경정비사업구역,37.578207,127.042316,7026.8
마포로1구역 도시정비형 재개발구역,도시환경정비사업구역,37.542021,126.948874,273773.1
개화산역세권 장기전세주택 도시환경,도시환경정비사업구역,37.571186,126.808195,9723.7
서울역-서대문1·2구역도시환경정비사,도시환경정비사업구역,37.562256,126.970581,80638.0
서린12구역도시환경정비사업,도시환경정비사업지구,37.56958,126.982131,6564.7
마포로4-4-2구역도시환경정비사업,도시환경정비사업지구,37.561906,126.963376,3357.1
북창32구역도시환경정비사업,도시환경정비사업지구,37.562639,126.977149,731.7
마포로1-12구역도시환경정비사업,도시환경정비사업지구,37.541672,126.948098,649.1
서린18구역도시환경정비사업,도시환경정비사업지구,37.569834,126.978098,2238.1
서소문1-1지구,도시환경정비사업지구,37.563399,126.975962,2913.2
청진2구역도시환경정비사업,도시환경정비사업지구,37.571819,126.982367,2882.0
남대문17구역도시환경정비사업,도시환경정비사업지구,37.560341,126.980741,8508.4
순화구역 1-2지구,도시환경정비사업지구,37.563009,126.970127,1652.2
소공4-2구역도시환경정비사업,도시환경정비사업지구,37.563736,126.980478,1407.7
관수동구역 제8지구 도시정비형 재개발구역,도시환경정비사업지구,37.568747,126.99019,3628.2
세운재정비촉진지구26구역도시환경정,도시환경정비사업지구,37.564724,126.996223,344.2
소공3구역도시환경정비사업,도시환경정비사업지구,37.564136,126.978448,4030.1
을지로1가4구역도시환경정비사업,도시환경정비사업지구,37.566344,126.980405,1947.2
도시환경정비사업,도시환경정비사업지구,37.563613,126.969257,4104.2
13·14·15지구,도시환경정비사업지구,37.560522,126.977564,8910.5
을지로2가10구역도시환경정비사업,도시환경정비사업지구,37.566522,126.983501,4022.8
을지로1가1-2구역도시환경정비사업,도시환경정비사업지구,37.566809,126.979547,596.6
서울역~서대문1-1구역도시환경정비사,도시환경정비사업지구,37.565781,126.967569,3849.6
을지로2가12구역도시환경정비사업,도시환경정비사업지구,37.567085,126.983954,4474.6
서울역~서대문10구역도시환경정비사,도시환경정비사업지구,37.56074,126.97253,2688.2
양동구역 제4-1지구,도시환경정비사업지구,37.554539,126.975916,2429.5
회현1구역도시환경정비사업,도시환경정비사업지구,37.559274,126.981817,11014.0
마포로1-38구역도시환경정비사업,도시환경정비사업지구,37.541253,126.949499,1210.9
마포로1구역제54도시환경정비지구,도시환경정비사업지구,37.544315,126.94914,5022.4
세운재정비촉진지구37구역도시환경정,도시환경정비사업지구,37.562724,126.996727,1970.6
마포로1구역 제43지구,도시환경정비사업지구,37.542025,126.950692,1381.4
마포로1-43구역도시환경정비사업,도시환경정비사업지구,37.542023,126.950689,1572.3
세운재정비촉진지구38구역도시환경정,도시환경정비사업지구,37.562283,126.996899,4093.1
마포로1-16구역도시환경정비사업,도시환경정비사업지구,37.542772,126.948267,1845.5
마포로1-36구역도시환경정비사업,도시환경정비사업지구,37.540977,126.949123,1995.4
봉래구역 제2지구,도시환경정비사업지구,37.558876,126.972316,4274.3
북창4구역도시환경정비사업,도시환경정비사업지구,37.563527,126.97838,1433.0
마포로3-4-1구역도시환경정비사업,도시환경정비사업지구,37.553643,126.956404,1826.0
적선4구역도시환경정비사업,도시환경정비사업지구,37.57521,126.973951,4234.9
12지구,도시환경정비사업지구,37.560835,126.979072,2577.6
청진3구역도시환경정비사업,도시환경정비사업지구,37.57189,126.981167,6897.3
무교다동 23-4 지구,도시환경정비사업지구,37.567444,126.981809,151.3
마포로1-49구역도시환경정비사업,도시환경정비사업지구,37.543999,126.952885,2087.9
세종로4구역도시환경정비사업,도시환경정비사업지구,37.571033,126.976135,2292.4
서린구역 제3·4·5지구 도시정비형 재개발사업,도시환경정비사업지구,37.569675,126.979618,2717.6
을지로2가5구역도시환경정비사업,도시환경정비사업지구,37.56738,126.985201,9094.6
무교다동 23-3 지구,도시환경정비사업지구,37.567409,126.981654,181.6
남대문15구역도시환경정비사업,도시환경정비사업지구,37.560295,126.976692,2287.1
마포로1-57구역도시환경정비사업,도시환경정비사업지구,37.545368,126.946825,4028.8
마포로5-6-2구역도시환경정비사업,도시환경정비사업지구,37.560804,126.96563,2336.7
무교다동 11 지구,도시환경정비사업지구,37.567973,126.978018,1381.5
마포로1-53도시환경정비지구,도시환경정비사업지구,37.542416,126.953386,6662.2
세운재정비촉진지구28구역도시환경정,도시환경정비사업지구,37.565379,126.996534,779.7
마포로1-30구역도시환경정비사업,도시환경정비사업지구,37.539232,126.946184,1895.3
무교다동 24-2 지구,도시환경정비사업지구,37.567024,126.981762,273.2
청진5-2구역도시환경정비사업,도시환경정비사업지구,37.571028,126.980495,1636.0
마포로1구역 제51지구,도시환경정비사업지구,37.544768,126.952122,1192.2
을지로3가 도시정비형 재개발구역 제10지구,도시환경정비사업지구,37.567057,126.991187,2174.8
마포로1-32구역도시환경정비사업,도시환경정비사업지구,37.539955,126.947056,1032.1
마포로1-47구역도시환경정비사업,도시환경정비사업지구,37.543499,126.952867,2846.3
마포로1구역제52지구,도시환경정비사업지구,37.543386,126.954116,15967.5
소공4-4구역도시환경정비사업,도시환경정비사업지구,37.563611,126.981127,1503.7
마포로4-8구역도시환경정비사업,도시환경정비사업지구,37.562869,126.96512,4350.6
마포로1-34구역도시환경정비사업,도시환경정비사업지구,37.540695,126.94836,4085.8
마포로1-33구역도시환경정비사업,도시환경정비사업지구,37.540343,126.94773,2381.6
을지로1가6구역도시환경정비사업,도시환경정비사업지구,37.566443,126.98197,3519.5
세종로3구역도시환경정비사업,도시환경정비사업지구,37.571392,126.976019,1892.2
마포로1-26구역도시환경정비사업,도시환경정비사업지구,37.538384,126.945026,2368.3
무교다동 37 지구,도시환경정비사업지구,37.567461,126.979964,167.0
무교1구역도시환경정비사업,도시환경정비사업지구,37.568819,126.978232,1545.7
마포로1-19-2구역도시환경정비사업,도시환경정비사업지구,37.54325,126.949693,1904.4
세종로2구역도시환경정비사업,도시환경정비사업지구,37.570671,126.975514,4100.7
서소문 도시정비형 재개발구역 제10지구,도시환경정비사업지구,37.562415,126.973382,3533.0
논현종합시장정비사업,도시환경정비사업지구,37.510019,127.034777,1654.9
무교7구역도시환경정비사업,도시환경정비사업지구,37.568732,126.979578,1133.3
마포로1-3구역도시환경정비사업,도시환경정비사업지구,37.539424,126.9448,2058.3
남대문9-1구역도시환경정비사업,도시환경정비사업지구,37.56038,126.979613,2595.4
북창9구역도시환경정비사업,도시환경정비사업지구,37.563072,126.978007,1257.0
북창34구역도시환경정비사업,도시환경정비사업지구,37.561838,126.976937,4892.0
적선1구역도시환경정비사업,도시환경정비사업지구,37.574373,126.973029,2086.3
마포로1-5구역도시환경정비사업,도시환경정비사업지구,37.540768,126.945947,3125.4
도렴16구역도시환경정비사업,도시환경정비사업지구,37.572747,126.974001,1081.8
도렴19구역도시환경정비사업,도시환경정비사업지구,37.573784,126.973165,2414.4
서울역~서대문2-2구역도시환경정비사,도시환경정비사업지구,37.564885,126.968189,2993.8
도렴21구역도시환경정비사업,도시환경정비사업지구,37.573795,126.973825,1622.2
회현2-2구역도시환경정비사업,도시환경정비사업지구,37.559828,126.983048,2437.8
마포로1-55구역도시환경정비사업,도시환경정비사업지구,37.544704,126.948315,2798.1
마포로5-3구역도시환경정비사업,도시환경정비사업지구,37.560399,126.963443,1860.5
무교6구역도시환경정비사업,도시환경정비사업지구,37.567284,126.978689,3347.9
세운재정비촉진지구19구역도시환경정,도시환경정비사업지구,37.566061,126.997493,5478.7
무교다동 36-2 지구,도시환경정비사업지구,37.566921,126.98152,108.9
마포로5-6-1구역도시환경정비사업,도시환경정비사업지구,37.560351,126.964928,3123.3
무교다동 23-6 지구,도시환경정비사업지구,37.567394,126.981904,143.5
양동8구역도시환경정비사업,도시환경정비사업지구,37.556246,126.9745,4913.1
서소문7구역도시환경정비사업,도시환경정비사업지구,37.562664,126.974059,2153.5
다동11구역도시환경정비사업,도시환경정비사업지구,37.568217,126.981616,2186.4
남대문8구역도시환경정비사업,도시환경정비사업지구,37.560166,126.978974,2422.4
무교다동 23-8 지구,도시환경정비사업지구,37.567212,126.981661,184.1
마포로1-45구역도시환경정비사업,도시환경정비사업지구,37.543228,126.951599,3049.0
북창3구역도시환경정비사업,도시환경정비사업지구,37.563504,126.978011,820.9
7-3지구,도시환경정비사업지구,37.559354,126.978878,507.6
북창27구역도시환경정비사업,도시환경정비사업지구,37.561948,126.978723,1255.6
마포로1구역제20지구,도시환경정비사업지구,37.542874,126.949698,1461.0
마포로4-3-1-2구역도시환경정비사업,도시환경정비사업지구,37.559912,126.962133,1286.5
서대문3-1구역도시환경정비사업,도시환경정비사업지구,37.562763,126.968501,2283.1
신문로2-6구역도시환경정비사업,도시환경정비사업지구,37.568885,126.970758,2702.4
다동7구역도시환경정비사업,도시환경정비사업지구,37.56715,126.980325,3174.0
다동16구역도시환경정비사업,도시환경정비사업지구,37.568377,126.982319,2114.7
마포로1-18구역도시환경정비사업,도시환경정비사업지구,37.542393,126.948971,2136.4
북창24구역도시환경정비사업,도시환경정비사업지구,37.561758,126.978045,787.3
마포로5-8구역도시환경정비사업,도시환경정비사업지구,37.561897,126.967479,3671.4
마포로1-13구역도시환경정비사업,도시환경정비사업지구,37.541872,126.948359,1587.6
마포로1-21구역도시환경정비사업,도시환경정비사업지구,37.543892,126.950083,1946.1
신문로2-3구역도시환경정비사업,도시환경정비사업지구,37.569727,126.973145,3901.2
양동10구역도시환경정비사업,도시환경정비사업지구,37.555569,126.974874,2110.9
을지로2가구역 제17지구 도시환경정비,도시환경정비사업지구,37.566502,126.986561,6738.9
수송 도시정비형 재개발구역 제1-7지구,도시환경정비사업지구,37.573426,126.980444,7364.8
소공4-1구역도시환경정비사업,도시환경정비사업지구,37.563705,126.98005,1566.3
서린1구역도시환경정비사업,도시환경정비사업지구,37.569824,126.978863,2189.1
마포로3-8구역도시환경정비사업,도시환경정비사업지구,37.553713,126.957255,7483.9
다동10구역도시환경정비사업,도시환경정비사업지구,37.568557,126.981615,2881.2
용두1(3지구) 재정비촉진구역,도시환경정비사업지구,37.577147,127.038732,4253.0
마포로1-19-1구역도시환경정비사업,도시환경정비사업지구,37.542978,126.949358,1926.6
마포로1-28구역도시환경정비사업,도시환경정비사업지구,37.538682,126.945458,1575.9
다동18구역도시환경정비사업,도시환경정비사업지구,37.567299,126.982288,1280.8
마포로2-1-2구역도시환경정비사업,도시환경정비사업지구,37.546228,126.952169,3191.2
마포로4-7구역도시환경정비사업,도시환경정비사업지구,37.564974,126.965521,5544.0
마포로5-1구역도시환경정비사업,도시환경정비사업지구,37.562014,126.964529,2666.0
북창16구역도시환경정비사업,도시환경정비사업지구,37.562601,126.977812,1063.7
세운재정비촉진지구33구역도시환경정,도시환경정비사업지구,37.563962,126.997037,2616.2
다동17구역도시환경정비사업,도시환경정비사업지구,37.567762,126.982301,1473.8
다동1구역도시환경정비사업,도시환경정비사업지구,37.568557,126.980193,2846.8
도렴3구역도시환경정비사업,도시환경정비사업지구,37.57136,126.972993,1765.3
세운재정비촉진지구32구역도시환경정,도시환경정비사업지구,37.56254,126.997871,4291.4
무교다동 32 지구,도시환경정비사업지구,37.566348,126.979974,1410.8
무교다동 36-1 지구,도시환경정비사업지구,37.567013,126.981504,114.1
장교구역 제5지구 도시환경정비사업,도시환경정비사업지구,37.566934,126.988073,1973.8
세운재정비촉진지구34구역도시환경정,도시환경정비사업지구,37.563899,126.996517,2702.5
서소문2구역도시환경정비사업,도시환경정비사업지구,37.562385,126.975451,6595.0
마포로3-6구역도시환경정비사업,도시환경정비사업지구,37.551998,126.956513,3052.3
청진8구역도시환경정비사업,도시환경정비사업지구,37.571453,126.978892,11134.6
청진4구역도시환경정비사업,도시환경정비사업지구,37.570789,126.981426,7148.6
세운재정비촉진지구36구역도시환경정,도시환경정비사업지구,37.563043,126.996714,2543.7
마포로4구역 제3-2지구 도시환경정비,도시환경정비사업지구,37.560607,126.96261,2223.8
남대문12구역도시환경정비사업,도시환경정비사업지구,37.560834,126.979035,2797.8
"도렴8,9구역도시환경정비사업",도시환경정비사업지구,37.570627,126.974525,3908.7
도렴10구역도시환경정비사업,도시환경정비사업지구,37.571117,126.974513,1698.3
서소문3구역도시환경정비사업,도시환경정비사업지구,37.561553,126.975077,8849.7
서울역-서대문1·2구역 1지구,도시환경정비사업지구,37.561603,126.971079,16304.3
순화1-1구역도시환경정비사업,도시환경정비사업지구,37.563683,126.969738,180.5
서린6구역도시환경정비사업,도시환경정비사업지구,37.569616,126.980367,5772.0
서울역-서대문1·2구역 제5-1지구도시,도시환경정비사업지구,37.560738,126.971451,3214.0
저동1구역도시환경정비사업,도시환경정비사업지구,37.565694,126.988636,12025.9
청진7구역도시환경정비사업,도시환경정비사업지구,37.571784,126.979906,10315.6
3지구,도시환경정비사업지구,37.558163,126.976722,5982.6
무교다동 36-4 지구,도시환경정비사업지구,37.56686,126.981411,101.1
마포로3-5구역도시환경정비사업,도시환경정비사업지구,37.551333,126.956177,3089.9
북창17구역도시환경정비사업,도시환경정비사업지구,37.562584,126.978072,708.3
무교다동 36-3 지구,도시환경정비사업지구,37.566837,126.981545,107.4
무교다동 24-3 지구,도시환경정비사업지구,37.566869,126.981754,417.6
청진1구역도시환경정비사업,도시환경정비사업지구,37.571112,126.98238,9106.7
마포로2-4구역도시환경정비사업,도시환경정비사업지구,37.548228,126.95359,3687.0
마포로1-9-1구역도시환경정비사업,도시환경정비사업지구,37.54144,126.947223,9446.9
마포로5-4,도시환경정비사업지구,37.55971,126.96317,3725.7
마포로1-51구역도시환경정비사업,도시환경정비사업지구,37.544776,126.952127,1118.8
무교다동 23-10 지구,도시환경정비사업지구,37.567245,126.981958,143.1
무교다동 24-1 지구,도시환경정비사업지구,37.567087,126.981697,157.0
서소문14구역도시환경정비사업,도시환경정비사업지구,37.560595,126.973781,11488.9
서울역~서대문6-1구역도시환경정비사,도시환경정비사업지구,37.563073,126.969517,2685.0
북창29구역도시환경정비사업,도시환경정비사업지구,37.561477,126.978646,1382.7
남대문10-2구역도시환경정비사업,도시환경정비사업지구,37.560923,126.981139,2410.3
중학2-2-2구역도시환경정비사업,도시환경정비사업지구,37.575217,126.979462,918.5
서대문3-2구역도시환경정비사업,도시환경정비사업지구,37.562347,126.968764,3728.7
마포로5-5구역도시환경정비사업,도시환경정비사업지구,37.559818,126.964034,2395.5
마포로5-7구역도시환경정비사업,도시환경정비사업지구,37.561295,126.966223,2706.7
서울역~서대문6-2구역도시환경정비사,도시환경정비사업지구,37.562602,126.969764,2710.1
을지로2가15구역도시환경정비사업,도시환경정비사업지구,37.566484,126.985118,5772.3
남대문11구역도시환경정비사업,도시환경정비사업지구,37.560937,126.979697,3438.5
서린17-2구역도시환경정비사업,도시환경정비사업지구,37.569833,126.977675,848.3
4-2지구,도시환경정비사업지구,37.554293,126.956747,1269.6
마포로1-22구역도시환경정비사업,도시환경정비사업지구,37.544933,126.950598,8842.6
마포로4구역 제4-1지구,도시환경정비사업지구,37.561239,126.962946,4580.6
공평구역 제3지구,도시환경정비사업지구,37.571803,126.984173,4215.5
내자·필운구역 제2-1지구,도시환경정비사업지구,37.575268,126.970844,13306.1
무교다동 23-7 지구,도시환경정비사업지구,37.567372,126.981997,106.3
"마포로1구역 제41,42지구",도시환경정비사업지구,37.541778,126.950251,2011.9
서소문13구역도시환경정비사업,도시환경정비사업지구,37.56134,126.97302,3525.1
세운재정비촉진지구27-1구역도시환경,도시환경정비사업지구,37.566212,126.99633,2006.1
세운재정비촉진지구25구역도시환경정,도시환경정비사업지구,37.566083,126.996795,2612.2
마포로4-5구역도시환경정비사업,도시환경정비사업지구,37.562907,126.964112,2305.7
마포로2-3구역도시환경정비사업,도시환경정비사업지구,37.547454,126.953065,3365.3
양동5구역도시환경정비사업,도시환경정비사업지구,37.556363,126.976053,6107.1
무교다동 10-1 지구,도시환경정비사업지구,37.567322,126.979552,1161.6
무교다동 23-2 지구,도시환경정비사업지구,37.567355,126.981545,77.6
무교다동 22-3 지구,도시환경정비사업지구,37.567563,126.981797,125.4
무교다동 10-2 지구,도시환경정비사업지구,37.567089,126.979537,853.2
남대문10-1구역도시환경정비사업,도시환경정비사업지구,37.560968,126.980476,2131.0
남대문1구역도시환경정비사업,도시환경정비사업지구,37.559409,126.976233,4536.9
남대문2구역도시환경정비사업,도시환경정비사업지구,37.558724,126.976383,1562.0
장교6구역도시환경정비사업,도시환경정비사업지구,37.567517,126.988417,8428.8
마포로1-31구역도시환경정비사업,도시환경정비사업지구,37.539391,126.946639,1696.2
북창5구역도시환경정비사업,도시환경정비사업지구,37.563698,126.978661,254.3
북창23구역도시환경정비사업,도시환경정비사업지구,37.56196,126.978034,798.8
북창28구역도시환경정비사업,도시환경정비사업지구,37.561367,126.977943,2517.0
세운재정비촉진지구20구역도시환경정,도시환경정비사업지구,37.565433,126.998003,681.8
명동1지구,도시환경정비사업지구,37.56567,126.98619,2735.4
무교다동 22-1 지구,도시환경정비사업지구,37.567609,126.981551,570.5
무교다동 31지구,도시환경정비사업지구,37.566833,126.98031,2187.3
양동도시정비형재개발구역 4-2·7지구,도시환경정비사업지구,37.555246,126.975461,20376.8
북창1구역도시환경정비사업,도시환경정비사업지구,37.563441,126.977253,3474.6
다동12구역도시환경정비사업,도시환경정비사업지구,37.567833,126.981745,1418.7
서울역~서대문5-1구역도시환경정비사,도시환경정비사업지구,37.560216,126.971521,3244.4
마포로4-6-2구역도시환경정비사업,도시환경정비사업지구,37.56413,126.9649,1592.1
소공4-7구역도시환경정비사업,도시환경정비사업지구,37.563076,126.981123,4374.3
무교다동 38지구,도시환경정비사업지구,37.567427,126.980106,146.4
서울역~서대문3구역도시환경정비사업,도시환경정비사업지구,37.564331,126.968469,1847.6
무교다동 16 지구,도시환경정비사업지구,37.567564,126.980988,2812.8
무교다동 15 지구,도시환경정비사업지구,37.567624,126.980301,2919.7
서울역~서대문4구역도시환경정비사업,도시환경정비사업지구,37.560174,126.972071,5870.4
마포로1-44-1구역도시환경정비사업,도시환경정비사업지구,37.542628,126.95064,2583.3
도렴18구역도시환경정비사업,도시환경정비사업지구,37.572775,126.973257,8174.9
도렴17구역도시환경정비사업,도시환경정비사업지구,37.57307,126.973786,1141.9
마포로1-4구역도시환경정비사업,도시환경정비사업지구,37.540036,126.945481,9761.0
서린11구역도시환경정비사업,도시환경정비사업지구,37.569398,126.981368,2579.2
회현구역 제2-3지구,도시환경정비사업지구,37.559403,126.98322,5316.3
북창30구역도시환경정비사업,도시환경정비사업지구,37.562795,126.976911,354.9
북창33구역도시환경정비사업,도시환경정비사업지구,37.562382,126.976971,2375.5
도렴24구역도시환경정비사업,도시환경정비사업지구,37.573025,126.974313,2707.2
무교다동 24-5 지구,도시환경정비사업지구,37.566803,126.981889,60.1
북창19구역도시환경정비사업,도시환경정비사업지구,37.562362,126.978448,714.8
남대문14구역도시환경정비사업,도시환경정비사업지구,37.560514,126.977433,2609.9
마포로1구역 제38지구,도시환경정비사업지구,37.541245,126.949509,1016.3
마포로3-1구역도시환경정비사업,도시환경정비사업지구,37.551239,126.955072,4815.4
북창18구역도시환경정비사업,도시환경정비사업지구,37.562576,126.978458,811.3
서린2구역도시환경정비사업,도시환경정비사업지구,37.569521,126.978844,1842.3
마포로1-50구역도시환경정비사업,도시환경정비사업지구,37.54456,126.952675,2311.2
마포로5-9-2구역도시환경정비사업,도시환경정비사업지구,37.562755,126.970756,4231.9
전농13재정비촉진구역,도시환경정비사업지구,37.5761,127.056778,21392.6
도렴11구역도시환경정비사업,도시환경정비사업지구,37.571397,126.974457,1634.5
을지로1가5구역도시환경정비사업,도시환경정비사업지구,37.566468,126.981041,5144.3
마포로2-1-1구역도시환경정비사업,도시환경정비사업지구,37.545635,126.951735,2634.3
도렴12구역도시환경정비사업,도시환경정비사업지구,37.571864,126.973315,3687.4
마포로1-35구역도시환경정비사업,도시환경정비사업지구,37.541331,126.948981,2466.8
마포로1구역 제58-2지구,도시환경정비사업지구,37.543299,126.94852,3334.7
소공4-3구역도시환경정비사업,도시환경정비사업지구,37.563767,126.980756,845.2
마포로1-11구역도시환경정비사업,도시환경정비사업지구,37.542214,126.947887,5436.3
서울역~서대문4-1구역도시환경정비사,도시환경정비사업지구,37.564202,126.968948,1107.8
무교14구역도시환경정비사업,도시환경정비사업지구,37.567536,126.977753,6784.4
서울역~서대문2-1구역도시환경정비사,도시환경정비사업지구,37.565285,126.967948,2643.6
적선5구역도시환경정비사업,도시환경정비사업지구,37.574912,126.973431,2601.0
무교다동구역제29지구,도시환경정비사업지구,37.566485,126.979504,2103.6
무교다동 23-1 지구,도시환경정비사업지구,37.567418,126.981514,59.2
마포로5-2구역도시환경정비사업,도시환경정비사업지구,37.561199,126.963947,3643.0
서소문1-2지구,도시환경정비사업지구,37.563021,126.975999,2892.2
무교다동 23-12 지구,도시환경정비사업지구,37.567142,126.981929,282.4
북창15구역도시환경정비사업,도시환경정비사업지구,37.56258,126.977555,804.5
북창22구역도시환경정비사업,도시환경정비사업지구,37.56174,126.977683,782.8
북창31구역도시환경정비사업,도시환경정비사업지구,37.562671,126.97686,368.7
마포로1-8구역도시환경정비사업,도시환경정비사업지구,37.540843,126.946902,1744.1
마포로2-9구역도시환경정비사업,도시환경정비사업지구,37.546947,126.953711,2854.6
마포로1구역 제36지구,도시환경정비사업지구,37.540976,126.949139,1602.1
용두1(2지구)재정비촉진구역,도시환경정비사업지구,37.577881,127.039356,3680.4
마포로5-8,도시환경정비사업지구,37.561911,126.967453,3891.4
북창2구역도시환경정비사업,도시환경정비사업지구,37.563492,126.977787,834.2
도렴14구역도시환경정비사업,도시환경정비사업지구,37.571988,126.974328,4191.0
북창7구역도시환경정비사업,도시환경정비사업지구,37.563406,126.978657,275.2
북창35구역도시환경정비사업,도시환경정비사업지구,37.561209,126.977042,3820.9
마포로1-25구역도시환경정비사업,도시환경정비사업지구,37.537908,126.944435,2469.0
마포로1-2구역도시환경정비사업,도시환경정비사업지구,37.539039,126.94429,1770.7
마포로4-3-1-1구역도시환경정비사업,도시환경정비사업지구,37.560259,126.96233,2153.4
세운재정비촉진지구27-2구역도시환경,도시환경정비사업지구,37.565896,126.996469,621.8
문래동2가A 도시정비형재개발구역 4지구,도시환경정비사업지구,37.512323,126.893523,3347.9
명동5구역도시환경정비사업,도시환경정비사업지구,37.565161,126.986252,1283.5
소공4-9구역도시환경정비사업,도시환경정비사업지구,37.562526,126.981044,1449.0
마포로1구역제46지구,도시환경정비사업지구,37.542844,126.952466,3061.2
서울역~서대문7구역도시환경정비사업,도시환경정비사업지구,37.56007,126.97308,3391.4
북창25구역도시환경정비사업,도시환경정비사업지구,37.562038,126.978451,618.8
세종로1구역도시환경정비사업,도시환경정비사업지구,37.571239,126.975326,3020.0
소공4-8구역도시환경정비사업,도시환경정비사업지구,37.562749,126.981217,1399.5
회현5구역도시환경정비사업,도시환경정비사업지구,37.558338,126.98211,7488.3
마포로1-23구역도시환경정비사업,도시환경정비사업지구,37.536298,126.943929,4243.5
북창26구역도시환경정비사업,도시환경정비사업지구,37.561799,126.978462,472.0
소공1구역도시환경정비사업,도시환경정비사업지구,37.564645,126.978111,2382.7
관수동구역 제3지구 도시정비형 재개발구역,도시환경정비사업지구,37.569643,126.99168,4711.9
도렴22구역도시환경정비사업,도시환경정비사업지구,37.573613,126.974188,3411.4
도렴15구역도시환경정비사업,도시환경정비사업지구,37.57342,126.973255,3603.4
무교2구역도시환경정비사업,도시환경정비사업지구,37.568793,126.97882,1668.5
적선3구역도시환경정비사업,도시환경정비사업지구,37.575394,126.973255,3778.0
무교10구역도시환경정비사업,도시환경정비사업지구,37.567645,126.97955,1479.2
서린17-1구역도시환경정비사업,도시환경정비사업지구,37.56954,126.977992,1670.7
무교8구역도시환경정비사업,도시환경정비사업지구,37.568489,126.979602,1027.7
소공4-6구역도시환경정비사업,도시환경정비사업지구,37.563315,126.980447,2874.5
적선6구역도시환경정비사업,도시환경정비사업지구,37.57443,126.973565,2200.1
회현4-1구역도시환경정비사업,도시환경정비사업지구,37.55913,126.980642,4944.2
북창13구역도시환경정비사업,도시환경정비사업지구,37.563739,126.979037,562.9
양동9구역도시환경정비사업,도시환경정비사업지구,37.555343,126.973748,14073.8
서소문구역 제11.12지구,도시환경정비사업지구,37.562067,126.972581,9508.0
마포로1-17구역도시환경정비사업,도시환경정비사업지구,37.542607,126.948583,1304.3
마포로1-29구역도시환경정비사업,도시환경정비사업지구,37.538893,126.945776,1267.3
마포로1구역 제44-2지구,도시환경정비사업지구,37.542491,126.95099,1705.2
마포로4구역 제9-1지구,도시환경정비사업지구,37.56481,126.966374,1915.5
마포로1-7구역도시환경정비사업,도시환경정비사업지구,37.541265,126.946298,4302.4
무교다동 24-4 지구,도시환경정비사업지구,37.566954,126.981959,390.9
세운재정비촉진지구30구역도시환경정,도시환경정비사업지구,37.563095,126.997918,2272.0
무교다동 8지구,도시환경정비사업지구,37.568132,126.979571,1356.3
무교다동 23-11 지구,도시환경정비사업지구,37.567148,126.981685,126.0
회현4-2구역도시환경정비사업,도시환경정비사업지구,37.558705,126.980959,1709.3
북창36구역도시환경정비사업,도시환경정비사업지구,37.560912,126.976337,2223.9
양동구역 제8-1·6지구,도시환경정비사업지구,37.556376,126.974806,7175.1
마포로5-3,도시환경정비사업지구,37.560367,126.963431,1933.4
마포로5-3-1,도시환경정비사업지구,37.560533,126.963734,706.5
세운재정비촉진지구35구역도시환경정,도시환경정비사업지구,37.563367,126.996677,2113.0
마포로1구역 제10지구,도시환경정비사업지구,37.542729,126.947835,3657.0
회현2-1구역도시환경정비사업,도시환경정비사업지구,37.560176,126.982916,4676.5
문래동1가A 도시정비형 재개발구역 제8·11지구,도시환경정비사업지구,37.512008,126.895701,6531.4
서소문4구역도시환경정비사업,도시환경정비사업지구,37.56103,126.97475,5418.3
을지로2가8구역도시환경정비사업,도시환경정비사업지구,37.566952,126.984885,1668.8
마포로1-1구역도시환경정비사업,도시환경정비사업지구,37.538545,126.94384,2583.5
마포로2-8-2구역도시환경정비사업,도시환경정비사업지구,37.54635,126.953277,1941.3
마포로1구역 제55지구,도시환경정비사업지구,37.545077,126.947412,12066.2
무교다동 24-6 지구,도시환경정비사업지구,37.56681,126.981998,122.7
마포로1-9-2구역도시환경정비사업,도시환경정비사업지구,37.541878,126.946598,4449.7
마포로2-7구역도시환경정비사업,도시환경정비사업지구,37.545321,126.952522,3379.0
마포로1-6구역도시환경정비사업,도시환경정비사업지구,37.540445,126.946352,2247.3
마포로1-15구역도시환경정비사업,도시환경정비사업지구,37.542968,126.947855,2160.1
청진6구역도시환경정비사업,도시환경정비사업지구,37.570802,126.979744,5462.4
다동19구역도시환경정비사업,도시환경정비사업지구,37.56696,126.982273,1138.6
북창11구역도시환경정비사업,도시환경정비사업지구,37.563144,126.978641,675.3
명동3구역도시환경정비사업,도시환경정비사업지구,37.56569,126.98713,2730.9
적선2구역도시환경정비사업,도시환경정비사업지구,37.574826,126.97294,1263.1
장교14구역도시환경정비사업,도시환경정비사업지구,37.567358,126.989302,1173.8
마포로2-2구역도시환경정비사업,도시환경정비사업지구,37.546839,126.95262,2201.5
양동구역 제11.12지구,도시환경정비사업지구,37.554646,126.974598,3541.6
마포로5구역 제12-2지구 도시환경정비,도시환경정비사업지구,37.560902,126.967016,2736.0
세종로5구역도시환경정비사업,도시환경정비사업지구,37.57068,126.976292,461.7
을지로2가18구역도시환경정비사업,도시환경정비사업지구,37.568116,126.984226,702.2
마포로3-7구역도시환경정비사업,도시환경정비사업지구,37.552496,126.956862,2482.9
서린10구역도시환경정비사업,도시환경정비사업지구,37.569845,126.981109,1246.2
무교3구역도시환경정비사업,도시환경정비사업지구,37.568463,126.978138,8308.1
세운재정비촉진지구21구역도시환경정,도시환경정비사업지구,37.564991,126.99804,803.3
양동3구역도시환경정비사업,도시환경정비사업지구,37.553857,126.975767,5722.2
마포로5도시정비형재개발구역2지구,도시환경정비사업지구,37.561195,126.964016,5612.7
북창12구역도시환경정비사업,도시환경정비사업지구,37.562895,126.978637,1060.4
"무교4,5구역도시환경정비사업",도시환경정비사업지구,37.56783,126.978738,4057.7
북창6구역도시환경정비사업,도시환경정비사업지구,37.563553,126.978679,366.4
양동1구역도시환경정비사업,도시환경정비사업지구,37.554256,126.973998,3828.4
소공2구역도시환경정비사업,도시환경정비사업지구,37.56425,126.977623,3218.4
서소문15구역도시환경정비사업,도시환경정비사업지구,37.562562,126.973565,1171.0
"도렴6,7구역도시환경정비사업",도시환경정비사업지구,37.571366,126.973704,2772.1
11지구,도시환경정비사업지구,37.560953,126.979733,3622.6
을지로3가도시정비형재개발구역제1·2지구,도시환경정비사업지구,37.567061,126.989086,4762.9
"도렴1,2구역도시환경정비사업",도시환경정비사업지구,37.570638,126.972968,3481.1
북창20구역도시환경정비사업,도시환경정비사업지구,37.562316,126.978755,611.8
을지로2가구역 제16지구 도시환경정비,도시환경정비사업지구,37.567377,126.986576,15333.8
마포로1-14구역도시환경정비사업,도시환경정비사업지구,37.542072,126.948652,780.0
마포로4구역 제1지구,도시환경정비사업지구,37.558059,126.959741,3161.2
다동2구역도시환경정비사업,도시환경정비사업지구,37.568524,126.980744,2982.0
다동9구역도시환경정비사업,도시환경정비사업지구,37.567085,126.98113,1589.1
마포로2-8-1구역도시환경정비사업,도시환경정비사업지구,37.545947,126.952979,1934.9
마포로1구역 제58-1지구,도시환경정비사업지구,37.543669,126.948683,2116.9
마포로5-12-1구역도시환경정비사업,도시환경정비사업지구,37.56043,126.966251,3082.6
서울역~서대문11구역도시환경정비사,도시환경정비사업지구,37.56108,126.972251,1785.6
"마포로1-39,40구역도시환경정비사업",도시환경정비사업지구,37.541911,126.949794,2292.3
마포로4-6-1구역도시환경정비사업,도시환경정비사업지구,37.563685,126.964588,2419.3
마포로3-2구역도시환경정비사업,도시환경정비사업지구,37.552178,126.955496,3513.1
북창8구역도시환경정비사업,도시환경정비사업지구,37.563089,126.977657,1192.1
마포로5 도시정비형 재개발구역 제9-1지구,도시환경정비사업지구,37.562552,126.970261,1586.0
무교다동 23-5 지구,도시환경정비사업지구,37.567293,126.981637,210.2
북창21구역도시환경정비사업,도시환경정비사업지구,37.561979,126.977659,770.1
남대문13구역도시환경정비사업,도시환경정비사업지구,37.560655,126.97809,3067.1
세운재정비촉진지구31구역도시환경정,도시환경정비사업지구,37.563118,126.997438,2378.0
마포로1구역 제34지구 도시환경정비구,도시환경정비사업지구,37.541364,126.948773,5242.8
세운재정비촉진지구22구역도시환경정,도시환경정비사업지구,37.564572,126.998039,642.9
양동2구역도시환경정비사업,도시환경정비사업지구,37.553946,126.974836,5767.6
서소문16구역도시환경정비사업,도시환경정비사업지구,37.562689,126.974935,996.7
무교다동 22-2 지구,도시환경정비사업지구,37.56767,126.98177,353.4
북창10구역도시환경정비사업,도시환경정비사업지구,37.563141,126.978372,718.3
소공4-5구역도시환경정비사업,도시환경정비사업지구,37.563484,126.981525,2415.4
북창14구역도시환경정비사업,도시환경정비사업지구,37.56333,126.979339,5802.3
도시환경정비사업지구,도시환경정비사업지구,37.567939,126.983118,617.0
문래동1가A 도시정비형 재개발구역 5지구,도시환경정비사업지구,37.511046,126.893492,2729.5
수송 도시정비형재개발구역 제1-2지구,도시환경정비사업지구,37.573492,126.97914,3586.2
청진5-1구역도시환경정비사업,도시환경정비사업지구,37.570618,126.980572,3221.0
중학2구역 2-1지구 도시환경정비구역,도시환경정비사업지구,37.575496,126.980148,5443.4
염창1주택재건축정비구역,재건축사업구역,37.54907,126.87073,21605.9
성산동 165 주택재건축 정비예정구역,재건축사업구역,37.567939,126.906672,18782.2
영등포 진주아파트 주택재건축정비사,재건축사업구역,37.517174,126.884786,11211.5
장안시영2단지2차아파트주택재건축사,재건축사업구역,37.576003,127.075332,38025.9
월계동신아파트주택재건축사업,재건축사업구역,37.617452,127.061277,43250.6
목동10단지 아파트 재건축사업 정비구역,재건축사업구역,37.517375,126.857962,194686.6
장안동 연립단지 주택재건축 정비구,재건축사업구역,37.574199,127.070499,23257.9
도곡삼익아파트 주택재건축 정비사업,재건축사업구역,37.490891,127.0421,17871.1
목동 13단지 아파트 재건축 정비사업,재건축사업구역,37.514521,126.866005,178920.0
개포주공5단지 주택재건축정비사업,재건축사업구역,37.487616,127.068501,56173.3
신반포3차· 경남아파트 주택재건축,재건축사업구역,37.506865,126.99812,168467.7
까치산공원 주택재건축 정비구역,재건축사업구역,37.482726,126.961364,19868.7
아현2 재정비촉진구역(주택재건축사,재건축사업구역,37.555624,126.950433,65559.4
여의도 시범아파트 재건축사업,재건축사업구역,37.520702,126.937125,109531.6
압구정아파트지구 특별계획구역2 재건축 정비구역,재건축사업구역,37.527875,127.023951,192909.7
장미_세림연립주택재건축사업,재건축사업구역,37.552903,127.069206,13582.9
방학신동아1단지아파트 재건축 정비구역,재건축사업구역,37.660362,127.028358,141032.6
화곡1주택재건축정비구역,재건축사업구역,37.544963,126.840117,31236.4
대흥.성원.동진빌라 주택재건축 정비,재건축사업구역,37.490324,126.823413,56298.0
은평아파트주택재건축사업,재건축사업구역,37.602934,126.906289,23994.3
대치동 구마을 제1지구 주택재건축 정,재건축사업구역,37.501646,127.061689,29532.1
논현동현아파트 재건축정비사업,재건축사업구역,37.519354,127.036575,35534.9
고덕주공7단지주택재건축사업,재건축사업구역,37.549317,127.167805,89869.4
등촌1 주택재건축정비사업,재건축사업구역,37.548937,126.859928,31040.0
도곡우성아파트 재건축정비사업,재건축사업구역,37.48853,127.0367,20874.0
신월4동주택재건축사업,재건축사업구역,37.523441,126.840491,18215.6
상봉1 주택재건축 정비구역,재건축사업구역,37.597847,127.085092,32292.5
남서울 한양아파트,재건축사업구역,37.44643,126.900606,98292.2
목동11단지아파트 재건축사업 정비구역,재건축사업구역,37.510669,126.858991,128666.7
우신빌라 재건축사업,재건축사업구역,37.494789,126.829272,50870.3
반포미도1차아파트 재건축정비사업,재건축사업구역,37.501328,127.008777,76518.6
대치미도아파트 재건축정비사업,재건축사업구역,37.493487,127.06751,210193.9
보광아파트 주택재건축정비사업,재건축사업구역,37.495484,126.886196,32953.1
미아9-1 주택재건축 정비구역,재건축사업구역,37.618639,127.034347,53449.3
상계주공5단지 재건축사업,재건축사업구역,37.652777,127.064647,33854.6
목동5단지아파트 재건축사업 정비구역,재건축사업구역,37.533731,126.880848,204003.3
방화6구역,재건축사업구역,37.565233,126.815692,31700.4
고덕시영아파트 주택재건축정비구역,재건축사업구역,37.559329,127.148985,194303.2
고덕주공1단지아파트주택재건축사업,재건축사업구역,37.558926,127.155204,65238.5
정릉동710-81일대주택재건축사업,재건축사업구역,37.611643,127.006771,31567.1
방배삼익아파트 주택재건축 정비구역,재건축사업구역,37.478864,127.001606,29469.7
망우1구역 공공재건축정비구역,재건축사업구역,37.602073,127.106734,25180.2
삼환가락아파트 주택재건축 정비사업,재건축사업구역,37.495357,127.136773,40749.2
신월시영아파트 재건축 정비구역,재건축사업구역,37.517907,126.83414,153212.4
길동진흥아파트주택재건축사업,재건축사업구역,37.534118,127.146525,42344.7
미성동 건영아파트 주택재건축정비구,재건축사업구역,37.476361,126.912342,20954.4
면목2주택재건축정비사업구역,재건축사업구역,37.572391,127.086983,16784.8
"노원구 상계동 677, 680번지 일대",재건축사업구역,37.663603,127.06235,41763.0
고덕주공4단지아파트 주택재건축 정,재건축사업구역,37.551494,127.163442,34559.6
홍제동131-2번지일대주택재건축사업,재건축사업구역,37.587521,126.947791,15876.6
무지개아파트 일대 주택재건축 정비,재건축사업구역,37.456053,126.898336,28175.9
구로구 고척동 산업인아파트 주택재,재건축사업구역,37.504454,126.866805,17324.2
면목5 주택재건축구역,재건축사업구역,37.582305,127.078813,17733.5
망원1 주택재건축정비사업,재건축사업구역,37.552518,126.903232,20654.3
유원성산아파트주택재건축사업,재건축사업구역,37.567575,126.914516,14040.5
월계3구역주택재건축사업,재건축사업구역,37.621784,127.053765,26935.6
대림1 주택재건축정비구역,재건축사업구역,37.493116,126.905263,12904.4
대치우성1차아파트,재건축사업구역,37.500234,127.069139,30059.7
개봉제1주택재건축정비구역,재건축사업구역,37.500379,126.848295,46061.0
중화동 우성타운 재건축정비구역,재건축사업구역,37.597977,127.081276,10352.3
가락삼익맨숀아파트 재건축정비구역,재건축사업구역,37.504165,127.121314,59721.6
유원제일1차아파트 주택재건축정비사,재건축사업구역,37.529884,126.896132,17695.4
신반포4지구 재건축정비사업구역,재건축사업구역,37.511388,127.012846,158554.9
논현경복아파트주택재건축사업,재건축사업구역,37.50955,127.038987,15424.3
온수연립주택재건축사업,재건축사업구역,37.496733,126.822026,82968.0
개봉3구역 재건축정비사업,재건축사업구역,37.501462,126.853848,122969.1
아현2재정비촉진구역(주택재건축사업,재건축사업구역,37.555624,126.950433,65559.4
신반포13차아파트 주택재건축정비사,재건축사업구역,37.51711,127.013735,13276.8
반포현대아파트 주택재건축정비사업,재건축사업구역,37.503307,127.01626,3621.5
면목1 주택재건축 정비구역,재건축사업구역,37.579608,127.093843,24533.4
대치청실아파트 주택재건축 정비사업,재건축사업구역,37.494475,127.05872,89367.7
삼환도봉아파트 재건축 정비구역,재건축사업구역,37.681035,127.048902,30131.8
도곡삼호아파트 주택재건축정비사업,재건축사업구역,37.493359,127.045294,11042.2
응암3구역주택재건축사업,재건축사업구역,37.592215,126.921975,30363.6
신반포3차·경남아파트 주택재건축 정,재건축사업구역,37.506865,126.99812,168467.7
일원대우아파트 주택재건축정비사업,재건축사업구역,37.490194,127.078692,10440.8
장미아파트 주택재건축정비사업,재건축사업구역,37.542943,127.04591,11382.5
개포주공1단지 주택재건축 정비구역,재건축사업구역,37.480378,127.058982,399736.7
대치우성1차아파트 주택재건축정비사,재건축사업구역,37.500249,127.069122,28978.8
가락극동아파트 주택재건축 정비사업,재건축사업구역,37.495697,127.132677,40111.5
홍제동 무궁화단지 주택재건축정비사,재건축사업구역,37.584547,126.940815,14751.1
홍은3구역주택재건축사업,재건축사업구역,37.599037,126.943965,11002.9
가락우창아파트 재건축정비사업,재건축사업구역,37.499236,127.136927,17235.6
구의1 주택재건축정비사업,재건축사업구역,37.545847,127.090249,48066.8
개포우성6차아파트 재건축사업,재건축사업구역,37.476286,127.056833,20831.6
구의1 주택재건축 정비사업,재건축사업구역,37.545847,127.090249,48066.8
상신아파트주택재건축사업,재건축사업구역,37.478953,126.970142,20829.4
방배3 주택재건축 정비구역,재건축사업구역,37.479744,127.002507,17880.2
여의도 진주아파트 재건축사업,재건축사업구역,37.518314,126.932871,17285.1
홍은5구역주택재건축사업,재건축사업구역,37.581564,126.934497,34424.5
임광3차아파트 재건축 정비구역,재건축사업구역,37.476051,127.00272,12271.3
신반포5차아파트 주택재건축 정비사,재건축사업구역,37.51448,127.007025,27562.3
강남구 대치쌍용2차아파트 주택재건,재건축사업구역,37.499473,127.070483,24463.3
목동6단지 아파트 재건축사업,재건축사업구역,37.534558,126.884831,102424.8
목동9단지 아파트 재건축사업 정비구역,재건축사업구역,37.51903,126.863623,183057.7
대림가락아파트 재건축정비구역,재건축사업구역,37.507541,127.124169,35241.0
대치동 구마을 제2지구 주택재건축정,재건축사업구역,37.501589,127.064067,14593.6
동작동58-1번지 일대 주택재건축 정비,재건축사업구역,37.494613,126.980051,48473.1
반도아파트주택재건축사업,재건축사업구역,37.502627,127.119982,30091.5
청담삼익아파트 재건축사업,재건축사업구역,37.521933,127.059193,61823.2
고덕주공2단지아파트 주택재건축정비,재건축사업구역,37.557929,127.163578,246210.7
구로우성아파트 재건축정비사업,재건축사업구역,37.504302,126.889234,17714.1
사당1 주택재건축정비구역,재건축사업구역,37.488459,126.973307,33946.1
오금현대아파트 재건축정비구역,재건축사업구역,37.505961,127.126395,110232.1
중계1 주택재건축 정비구역,재건축사업구역,37.659103,127.074304,17054.1
방배3구역주택재건축사업,재건축사업구역,37.479744,127.002507,17880.2
자양7 주택재건축 정비사업,재건축사업구역,37.531803,127.073294,44458.4
대림2 주택재건축정비구역,재건축사업구역,37.495171,126.902759,11171.4
"반포주공1단지(1,2,4주구) 주택재건축",재건축사업구역,37.503721,126.987147,372825.5
면목5 주택재건축정비사업,재건축사업구역,37.582305,127.078813,17734.1
북가좌제6주택재건축정비사업,재건축사업구역,37.577207,126.906073,104650.9
서초금호아파트주택재건축사업,재건축사업구역,37.49668,127.017256,21004.6
문정동136번지일대 주택재건축정비구,재건축사업구역,37.488868,127.134258,64974.9
재건축사업구역,재건축사업구역,37.481176,127.001445,37921.4
대치동 구마을 제3지구 주택재건축 정,재건축사업구역,37.503071,127.06076,14833.7
천호3구역,재건축사업구역,37.54262,127.126972,22918.1
신동아아파트 주택재건축 정비구역,재건축사업구역,37.52215,126.886543,20614.2
목동7단지아파트 재건축사업 정비구역,재건축사업구역,37.527671,126.867341,229578.9
목동4단지 아파트 재건축사업 정비구역,재건축사업구역,37.531823,126.871474,122822.1
은마아파트 재건축정비구역,재건축사업구역,37.497415,127.065281,243525.0
방배동 경남아파트 주택재건축 정비,재건축사업구역,37.476456,126.99978,37362.1
장안동 현대아파트 주택재건축 정비,재건축사업구역,37.581158,127.069186,24579.9
공릉2구역주택재건축사업,재건축사업구역,37.621105,127.081787,26839.3
상도1 주택재건축정비구역,재건축사업구역,37.505341,126.948265,44099.5
가락시영아파트주택재건축사업,재건축사업구역,37.497683,127.106929,405777.8
신월4 주택재건축 정비구역,재건축사업구역,37.522939,126.843882,15735.1
일원현대아파트 주택재건축정비사업,재건축사업구역,37.48959,127.079984,44369.7
목동8단지 재건축 정비사업,재건축사업구역,37.521616,126.867558,88842.3
성동구 옥수동 한남하이츠아파트 주,재건축사업구역,37.539737,127.014156,48556.7
신림동 미성아파트 주택재건축 정비,재건축사업구역,37.482515,126.903502,16705.6
청량리미주아파트 재건축정비사업,재건축사업구역,37.583066,127.046263,56887.3
대치국제아파트 재건축정비구역,재건축사업구역,37.495782,127.060342,13601.3
응암1주택재건축정비구역,재건축사업구역,37.590086,126.921616,47427.0
동작동 58-1번지 일대 주택재건축 정비,재건축사업구역,37.494613,126.980052,48484.8
서초진흥아파트 재건축정비사업,재건축사업구역,37.497428,127.022363,41946.1
답십리 대농·신안 재건축 정비사업,재건축사업구역,37.571346,127.04747,28627.4
신사동 19번지 주택재건축정비사업,재건축사업구역,37.598036,126.908651,17748.0
잠실진주아파트재건축사업,재건축사업구역,37.518366,127.110686,112558.5
삼선동3가29번지일대재건축사업,재건축사업구역,37.587279,127.011664,27328.7
남가좌제1주택 재건축정비구역,재건축사업구역,37.579219,126.920604,63386.4
여의도 공작아파트 재건축정비사업,재건축사업구역,37.526513,126.929838,16928.0
잠실우성아파트 주택재건축 정비사업,재건축사업구역,37.506476,127.073322,120353.7
성내미주아파트 주택재건축정비사업,재건축사업구역,37.52673,127.128207,18416.4
시흥동 현대아파트 재건축정비사업,재건축사업구역,37.453527,126.914175,10573.5
개포주공3단지 주택재건축정비사업,재건축사업구역,37.484161,127.06732,64293.8
월계2 주택재건축 정비구역,재건축사업구역,37.630416,127.057305,43223.2
방배 제14주택재건축 정비사업,재건축사업구역,37.481269,126.991437,27486.8
목1 주택재건축 정비구역,재건축사업구역,37.545495,126.865978,24333.9
창동상아1차아파트 재건축정비구역,재건축사업구역,37.653997,127.04236,24145.7
삼성아파트 주택재건축 정비구역,재건축사업구역,37.496366,126.911193,15961.3
목동14단지 재건축 정비구역,재건축사업구역,37.515094,126.872301,250724.7
신향빌라 재건축사업,재건축사업구역,37.56606,127.087469,15684.8
중곡아파트 공공재건축 정비구역,재건축사업구역,37.566569,127.078686,10226.3
가락우성1차아파트 재건축정비구역,재건축사업구역,37.496623,127.117797,35043.7
답십리 태양아파트 주택재건축정비사,재건축사업구역,37.572426,127.045971,29597.6
방배동427-1번지일대주택재건축사업,재건축사업구역,37.483567,126.984512,46774.3
쌍문한양1차아파트 재건축 정비구역,재건축사업구역,37.645821,127.030493,44293.3
장안4구역주택재건축사업,재건축사업구역,37.569898,127.067827,60799.2
사당3 재건축정비사업,재건축사업구역,37.492766,126.980244,30236.4
고척동 한효아파트 재건축정비구역,재건축사업구역,37.501411,126.861728,17359.0
여의도 수정아파트 재건축사업,재건축사업구역,37.523074,126.930834,15563.6
영아아파트주택재건축사업,재건축사업구역,37.485374,126.971332,21109.3
남서울한양아파트주택재건축사업,재건축사업구역,37.446432,126.900608,98396.0
한양3차아파트 재건축 정비구역,재건축사업구역,37.506137,127.122657,20080.7
잠실주공5단지아파트 재건축사업 정비구역,재건축사업구역,37.515238,127.094909,357971.2
대농·신안주택재건축정비구역,재건축사업구역,37.571346,127.047471,28637.6
가락시영아파트 주택재건축 정비구역,재건축사업구역,37.497683,127.106929,405777.8
청담도곡아파트지구 역삼주구,재건축사업구역,37.499053,127.047757,425978.2
묵1주택재건축정비구역,재건축사업구역,37.616197,127.082555,37319.6
방배동175번지일대주택재건축사업,재건축사업구역,37.483864,126.998129,40069.4
도곡개포한신아파트 주택재건축정비,재건축사업구역,37.48689,127.048897,36473.0
남가좌1주택재건축사업,재건축사업구역,37.579219,126.920604,63386.4
대방1구역주택재건축사업,재건축사업구역,37.499323,126.923283,11933.7
목동12단지 아파트 재건축사업,재건축사업구역,37.513045,126.861086,127339.5
까치산공원주택재건축 정비구역,재건축사업구역,37.482726,126.961364,19868.7
가락한라아파트주택재건축사업,재건축사업구역,37.498139,127.132066,43595.6
대림3주택재건축정비구역,재건축사업구역,37.494358,126.906978,53326.1
장안동연립단지 주택재건축정비구역,재건축사업구역,37.574199,127.070499,23257.9
건우3차아파트주택재건축사업,재건축사업구역,37.570076,126.821752,20056.8
면목3구역주택재개발사업,주택재개발사업구역,37.581197,127.095712,18863.5
금호14구역주택재개발사업,주택재개발사업구역,37.54639,127.023991,33117.4
신영1구역주택재개발사업,주택재개발사업구역,37.599667,126.962175,15552.0
미아재정비촉진지구6구역주택재개발,주택재개발사업구역,37.614315,127.020812,77762.5
이문1구역주택재개발사업,주택재개발사업구역,37.601484,127.070327,24263.2
양평1구역주택재개발사업,주택재개발사업구역,37.522283,126.88297,13368.9
신길1 재정비촉진구역,주택재개발사업구역,37.510089,126.915749,59999.3
효창3구역주택재개발사업,주택재개발사업구역,37.540121,126.958177,15798.0
한남2 재정비촉진구역,주택재개발사업구역,37.531189,126.997573,115082.1
본동3구역주택재개발사업,주택재개발사업구역,37.512227,126.953084,6314.9
홍은6구역주택재개발사업,주택재개발사업구역,37.58181,126.936724,21380.8
북아현재정비촉진지구충정로·냉천구,주택재개발사업구역,37.566224,126.961903,43998.8
신정2재정비촉진구역,주택재개발사업구역,37.51814,126.851713,105682.4
천호4구역주택재개발사업,주택재개발사업구역,37.538331,127.134985,17236.4
마천1구역주택재개발사업,주택재개발사업구역,37.500819,127.15357,35625.2
창신동 23일대 주택정비형 재개발구역,주택재개발사업구역,37.577627,127.013453,64666.0
전농1구역주택재개발정비사업,주택재개발사업구역,37.577955,127.047879,26401.6
성북제3주택재개발구역,주택재개발사업구역,37.594577,127.001239,68544.2
염리3 주택재개발사업구역,주택재개발사업구역,37.553278,126.947943,88208.9
구로2구역주택재개발사업,주택재개발사업구역,37.493663,126.894029,10738.8
상도5구역주택재개발사업,주택재개발사업구역,37.493526,126.95744,22277.6
회기제1주택재개발구역,주택재개발사업구역,37.59006,127.053665,13936.6
본동5구역주택재개발사업,주택재개발사업구역,37.514013,126.950828,27277.8
중계4구역주택재개발사업,주택재개발사업구역,37.652545,127.071598,59462.8
하계1구역주택재개발사업,주택재개발사업구역,37.629132,127.066896,57164.1
역촌주택재개발사업,주택재개발사업구역,37.603368,126.906569,37535.0
응암5구역주택재개발사업,주택재개발사업구역,37.596982,126.923481,6242.4
노량진1재정비촉진구역,주택재개발사업구역,37.510122,126.937993,132078.5
행당2구역주택재개발사업,주택재개발사업구역,37.56,127.037447,22236.6
방화2재정비촉진구역,주택재개발사업구역,37.567205,126.809947,35065.5
정릉5구역주택재개발사업,주택재개발사업구역,37.615191,127.010215,36462.4
주택정비형 재개발구역,주택재개발사업구역,37.670635,127.082953,149599.3
신정제4주택재개발구역,주택재개발사업구역,37.520262,126.856354,54684.0
신설 제1 주택정비형 공공재개발사업,주택재개발사업구역,37.575544,127.027213,11267.3
미아7구역주택재개발사업,주택재개발사업구역,37.621111,127.019032,24673.8
거여새마을 재정비촉진구역(주택재개발사업),주택재개발사업구역,37.491646,127.148812,71922.5
정릉6구역주택재개발사업,주택재개발사업구역,37.614527,127.007597,39421.1
노량진8재정비촉진구역,주택재개발사업구역,37.510571,126.933591,55478.9
주택재개발사업,주택재개발사업구역,37.501537,126.961741,102051.2
북아현3 재정비촉진구역,주택재개발사업구역,37.563325,126.958718,272323.1
성수전략정비구역 제4주택정비형 재개발정비구역,주택재개발사업구역,37.535922,127.058131,89827.9
종암6구역주택재개발사업,주택재개발사업구역,37.601804,127.034777,19716.1
마천2 재정비촉진구역,주택재개발사업구역,37.495225,127.153097,77338.3
옥수11구역주택재개발사업,주택재개발사업구역,37.544961,127.017621,4059.7
월곡주택재개발사업,주택재개발사업구역,37.606979,127.038415,113798.6
신공덕주택재개발사업,주택재개발사업구역,37.543273,126.955804,38800.1
전농4구역주택재개발사업,주택재개발사업구역,37.576775,127.061018,92839.1
제기2구역주택재개발사업,주택재개발사업구역,37.589088,127.039244,42164.5
신당 제8구역 주택재개발정비사업,주택재개발사업구역,37.558147,127.015457,58657.6
천호1구역주택재개발사업,주택재개발사업구역,37.548935,127.138742,31970.6
신공덕4구역주택재개발사업,주택재개발사업구역,37.541938,126.957028,5986.7
이화1구역주택재개발사업,주택재개발사업구역,37.577544,127.007613,13888.8
미아5구역주택재개발사업,주택재개발사업구역,37.615627,127.017507,113457.6
도림제16주택재개발정비구역,주택재개발사업구역,37.510129,126.90051,53398.5
신당8구역주택재개발사업,주택재개발사업구역,37.558147,127.015457,58657.6
답십리제14구역 주택재개발 정비사업,주택재개발사업구역,37.567731,127.059495,32672.4
신림재정비촉진지구2구역주택재개발,주택재개발사업구역,37.463698,126.930215,95789.3
금호8구역주택재개발사업,주택재개발사업구역,37.546146,127.020199,55591.7
천호5구역주택재개발사업,주택재개발사업구역,37.541305,127.125909,6910.9
봉천제4-1-3주택재개발정비사업,주택재개발사업구역,37.48828,126.94773,79871.2
금호3구역주택재개발사업,주택재개발사업구역,37.554011,127.017592,62168.5
이문4재정비촉진구역,주택재개발사업구역,37.596805,127.066364,150181.1
현석주택재개발사업,주택재개발사업구역,37.543434,126.932794,26606.0
오류3구역주택재개발사업,주택재개발사업구역,37.498393,126.839158,8863.8
응암제9주택재개발사업,주택재개발사업구역,37.588079,126.924153,54711.0
고척2구역주택재개발사업,주택재개발사업구역,37.507467,126.857952,55751.4
한남5재정비촉진구역,주택재개발사업구역,37.522991,126.996412,183707.5
제기제4 재개발 구역,주택재개발사업구역,37.584215,127.042025,33553.6
월곡1구역주택재개발사업,주택재개발사업구역,37.610616,127.039241,52126.2
미아제4주택재개발정비구역,주택재개발사업구역,37.617453,127.036469,36535.6
대조1 주택재개발 정비구역,주택재개발사업구역,37.611022,126.924009,111694.8
숭인5구역주택재개발사업,주택재개발사업구역,37.57598,127.021125,14354.6
북아현재정비촉진지구1-3구역주택재,주택재개발사업구역,37.558607,126.953161,106677.1
하계2구역주택재개발사업,주택재개발사업구역,37.635753,127.061839,88572.1
염리2재정비촉진구역,주택재개발사업구역,37.55065,126.948252,51888.8
답십리제17구역 주택재개발사업,주택재개발사업구역,37.566644,127.060582,13948.2
돈암제6구역 재개발사업,주택재개발사업구역,37.599543,127.020688,44048.0
성수전략정비구역 제1주택정비형 재개발정비구역,주택재개발사업구역,37.538372,127.048474,194397.1
구로7구역주택재개발사업,주택재개발사업구역,37.488379,126.890652,18260.2
전농 제11주택재개발정비사업,주택재개발사업구역,37.576522,127.049496,28242.0
홍은12구역주택재개발사업,주택재개발사업구역,37.593411,126.941683,26398.2
신정6구역주택재개발사업,주택재개발사업구역,37.519043,126.876966,81175.8
신용산역 북측 재개발정비구역,주택재개발사업구역,37.531884,126.969233,37659.1
공덕5구역주택재개발사업,주택재개발사업구역,37.550202,126.95272,42884.0
상계6재정비촉진구역,주택재개발사업구역,37.665355,127.076942,66006.3
길음5재정비촉진구역(주택정비형재개발사업),주택재개발사업구역,37.604782,127.015796,36737.4
홍제13구역주택재개발사업,주택재개발사업구역,37.592013,126.946883,5223.2
가재울뉴타운2구역,주택재개발사업구역,37.575872,126.915667,26187.3
석관4구역 주택재개발 정비사업,주택재개발사업구역,37.607947,127.063324,65006.2
신림2구역주택재개발사업,주택재개발사업구역,37.462334,126.926658,110484.0
청량리 제9구역 주택정비형 재개발사업,주택재개발사업구역,37.586676,127.050354,28832.1
당산1구역,주택재개발사업구역,37.533674,126.905229,30973.2
응암동 700번지 일대 주택정비형 재개발사업,주택재개발사업구역,37.584904,126.917053,57929.7
자양4동 A구역 주택정비형 재개발구역,주택재개발사업구역,37.535261,127.063612,138887.9
당산2구역주택재개발사업,주택재개발사업구역,37.523189,126.892414,15964.4
돈암5구역주택재개발사업,주택재개발사업구역,37.600544,127.022852,20919.2
본동구역 주택정비형 공공재개발사업,주택재개발사업구역,37.511185,126.955323,51694.5
홍제6구역주택재개발사업,주택재개발사업구역,37.584857,126.941016,35360.0
청량리4구역주택재개발사업,주택재개발사업구역,37.587896,127.048916,47601.3
상수제2구역 주택재개발사업,주택재개발사업구역,37.546606,126.927214,27731.0
숭인4구역주택재개발사업,주택재개발사업구역,37.581,127.015923,24482.0
고척주택재개발사업,주택재개발사업구역,37.501534,126.868033,28643.8
보문2주택재개발정비구역,주택재개발사업구역,37.586711,127.019799,17889.1
용강제2주택재개발 정비구역,주택재개발사업구역,37.542368,126.941874,31457.5
천호2구역주택재개발사업,주택재개발사업구역,37.529508,127.127108,365678.0
공덕2구역주택재개발사업,주택재개발사업구역,37.551221,126.959742,38873.5
면목2구역주택재개발사업,주택재개발사업구역,37.574722,127.08778,14386.3
하왕3구역주택재개발사업,주택재개발사업구역,37.568759,127.031777,44132.0
마천3구역주택재개발사업,주택재개발사업구역,37.492187,127.154808,11758.4
신공덕5구역주택재개발사업,주택재개발사업구역,37.541517,126.955309,15339.0
불광제6주택재개발,주택재개발사업구역,37.611411,126.937879,41159.1
녹번제1구역_주택재개발정비사업,주택재개발사업구역,37.604666,126.936339,181102.7
신영제1주택재개발정비구역,주택재개발사업구역,37.599665,126.962175,15589.3
용산1구역주택재개발사업,주택재개발사업구역,37.543038,126.986536,163804.3
금호16구역주택재개발사업,주택재개발사업구역,37.551431,127.018316,27367.3
장위9구역,주택재개발사업구역,37.614811,127.050276,84587.7
응암제8구역주택재개발사업,주택재개발사업구역,37.590824,126.923662,58490.8
사당4구역주택재개발사업,주택재개발사업구역,37.489745,126.976255,186778.7
용강주택재개발사업,주택재개발사업구역,37.543456,126.941243,22742.6
봉천 제14 주택재개발정비구역,주택재개발사업구역,37.490261,126.958725,74146.7
휘경제4주택재개발정비구역,주택재개발사업구역,37.590236,127.06646,22812.0
당산 제4구역 재개발구역,주택재개발사업구역,37.528667,126.903026,12016.1
월곡3구역주택재개발사업,주택재개발사업구역,37.610492,127.037092,86747.6
행당5구역주택재개발사업,주택재개발사업구역,37.555308,127.032539,28675.5
신당 제9주택재개발정비구역,주택재개발사업구역,37.550171,127.006714,18597.2
미아3구역주택재개발사업,주택재개발사업구역,37.619862,127.017776,25418.1
정비구역,주택재개발사업구역,37.545493,126.865977,24457.8
동소문제2 주택재개발정비사업,주택재개발사업구역,37.588618,127.008428,23762.2
봉천 제4-1-2구역 주택재개발정비사업,주택재개발사업구역,37.49095,126.9462,53517.3
성북1구역 주택정비형 공공재개발사업,주택재개발사업구역,37.592125,127.005011,109639.8
옥수5구역주택재개발사업,주택재개발사업구역,37.540978,127.010583,48979.6
신당3구역주택재개발사업,주택재개발사업구역,37.549095,127.00954,219702.9
홍제11구역주택재개발사업,주택재개발사업구역,37.589113,126.941336,33637.8
장위6구역,주택재개발사업구역,37.615288,127.059739,105184.1
종암3구역주택재개발사업,주택재개발사업구역,37.596917,127.031674,44196.7
방배1구역주택재개발사업,주택재개발사업구역,37.474224,126.982946,27244.6
가락1구역주택재개발사업,주택재개발사업구역,37.496603,127.117798,35414.9
수색7재정비촉진구역,주택재개발사업구역,37.585167,126.897875,31415.6
신용산역 북측2 재개발정비구역,주택재개발사업구역,37.53114,126.968405,22276.9
신사동 200번지 일대 주택정비형 재개발정비구역,주택재개발사업구역,37.595011,126.90685,63546.9
상도4구역주택재개발사업,주택재개발사업구역,37.50022,126.954607,155158.3
노량진5재정비촉진구역,주택재개발사업구역,37.510705,126.935449,38237.1
종암2구역주택재개발사업,주택재개발사업구역,37.601022,127.030127,57904.5
만리주택재개발사업,주택재개발사업구역,37.554953,126.962981,29289.3
상도6구역주택재개발사업,주택재개발사업구역,37.498593,126.958556,42431.0
장위10구역,주택재개발사업구역,37.61271,127.052129,92314.7
이문1제정비촉진구역,주택재개발사업구역,37.600463,127.060112,145914.6
충정1구역주택재개발사업,주택재개발사업구역,37.558032,126.964394,72136.1
장위7구역,주택재개발사업구역,37.618626,127.049163,87798.6
신월7동 2구역 주택정비형 공공재개발구역,주택재개발사업구역,37.521486,126.831927,98353.5
아현3주택재개발사업구역,주택재개발사업구역,37.553558,126.953086,207516.4
만리제2주택재개발사업,주택재개발사업구역,37.554187,126.963428,67112.5
상계3구역주택재개발사업,주택재개발사업구역,37.66738,127.080495,56313.2
홍제4구역주택재개발사업,주택재개발사업구역,37.585359,126.951291,54786.1
구로5구역주택재개발사업,주택재개발사업구역,37.49611,126.893059,14615.6
중림동 398번지일대 주택정비형 재개발사업,주택재개발사업구역,37.558346,126.963248,28310.1
금호제19주택재개발구역,주택재개발사업구역,37.551224,127.024436,51803.1
주택재개발사업구역,주택재개발사업구역,37.5738,126.959366,10961.7
신림3구역주택재개발사업,주택재개발사업구역,37.475102,126.932483,63380.3
금호11구역주택재개발사업,주택재개발사업구역,37.54479,127.022424,47968.6
장위15구역,주택재개발사업구역,37.609842,127.048216,188550.1
이문5구역주택재개발사업,주택재개발사업구역,37.593436,127.060176,30556.9
공덕7구역 주택정비형 재개발사업,주택재개발사업구역,37.548853,126.958568,29972.4
천호6구역주택재개발사업,주택재개발사업구역,37.538139,127.129904,19863.8
가재울1주택재개발사업구역,주택재개발사업구역,37.576381,126.914395,20022.2
종암1구역주택재개발사업,주택재개발사업구역,37.602613,127.029822,25838.2
반포1구역주택재개발사업,주택재개발사업구역,37.4992,127.000995,25402.2
홍은15구역,주택재개발사업구역,37.598754,126.950219,88766.1
응암6구역주택재개발사업,주택재개발사업구역,37.597489,126.926228,26031.7
미아2구역주택재개발사업,주택재개발사업구역,37.625879,127.019416,19289.9
신당제6주택재개발정비구역,주택재개발사업구역,37.561539,127.022403,48410.4
월곡2구역주택재개발사업,주택재개발사업구역,37.599054,127.041912,52575.6
성수전략정비구역 제2주택정비형 재개발정비구역,주택재개발사업구역,37.537294,127.052441,131994.5
흑석1구역주택재개발사업,주택재개발사업구역,37.507068,126.96905,89217.4
오금주택재개발사업,주택재개발사업구역,37.509513,127.128914,43785.0
주택재개발사업지구,주택재개발사업구역,37.495338,127.147463,114670.9
답십리13구역주택재개발사업,주택재개발사업구역,37.56622,127.057672,25710.4
창전주택재개발사업,주택재개발사업구역,37.550933,126.930309,40205.3
아현1구역주택재개발사업,주택재개발사업구역,37.556077,126.960716,155854.8
신당7구역주택재개발사업,주택재개발사업구역,37.560431,127.016989,52133.8
노량진3 재정비촉진구역,주택재개발사업구역,37.510141,126.941431,72871.4
봉천11구역주택재개발사업,주택재개발사업구역,37.487919,126.957208,8043.2
대현2구역주택재개발사업,주택재개발사업구역,37.557658,126.945207,6616.3
제기 제6구역 주택재개발정비구역,주택재개발사업구역,37.58739,127.039449,24593.1
장위8구역,주택재개발사업구역,37.616255,127.052993,121819.0
후암1구역주택재개발사업,주택재개발사업구역,37.551767,126.975797,11154.7
신당4구역주택재개발사업,주택재개발사업구역,37.554762,127.014789,81741.1
상수1구역주택재개발사업,주택재개발사업구역,37.546543,126.925534,23124.0
신림6구역주택재개발사업,주택재개발사업구역,37.472984,126.915003,6132.5
사당5구역주택재개발사업,주택재개발사업구역,37.490913,126.976821,11633.6
신공덕2구역주택재개발사업,주택재개발사업구역,37.546423,126.958155,17786.4
신림7 주택정비형 재개발사업,주택재개발사업구역,37.462687,126.916113,77935.2
사당6구역주택재개발사업,주택재개발사업구역,37.488715,126.977558,5462.5
한강로주택재개발사업,주택재개발사업구역,37.534143,126.964166,6585.6
신정동 1152번지일대 주택정비형 재개발사업,주택재개발사업구역,37.516131,126.850384,44081.7
종암4구역주택재개발사업,주택재개발사업구역,37.599204,127.031106,60226.7
연희제1주택재개발 정비사업,주택재개발사업구역,37.570645,126.921752,44084.6
홍은4구역주택재개발사업,주택재개발사업구역,37.598549,126.944683,96367.1
불광제7구역주택재개발정비사업,주택재개발사업구역,37.616479,126.926782,61420.5
돈암정릉주택재개발정비구역,주택재개발사업구역,37.59913,127.012771,31033.2
상월곡구역주택재개발사업,주택재개발사업구역,37.607851,127.04539,63744.8
월계2구역주택재개발사업,주택재개발사업구역,37.616854,127.066683,7642.5
봉천3구역주택재개발사업,주택재개발사업구역,37.490698,126.95,263578.0
현저4구역주택재개발사업,주택재개발사업구역,37.572181,126.9563,66474.3
방학3구역 주택정비형 재개발사업,주택재개발사업구역,37.665631,127.03994,74388.3
전농2구역주택재개발사업,주택재개발사업구역,37.582154,127.050733,7933.7
봉천 제12주택재개발구역,주택재개발사업구역,37.477377,126.941957,223.9
옥수 제13주택재개발구역 정비사업,주택재개발사업구역,37.547832,127.013225,124565.1
성동구 옥수 제13주택재개발구역 정비,주택재개발사업구역,37.547831,127.013225,124632.8
미아제11 주택정비형 재개발정비사업,주택재개발사업구역,37.628824,127.020264,35875.4
동선주택재개발사업,주택재개발사업구역,37.596333,127.013744,11730.0
미아제8구역주택재개발,주택재개발사업구역,37.618289,127.016965,83972.6
석관1구역주택재개발사업,주택재개발사업구역,37.608372,127.054647,38109.8
오금2구역주택재개발사업,주택재개발사업구역,37.509254,127.12912,12935.4
사당2구역주택재개발사업,주택재개발사업구역,37.486658,126.972601,74851.6
용두제4주택재개발정비사업,주택재개발사업구역,37.579199,127.030939,15616.7
신림1재정비촉진구역,주택재개발사업구역,37.470185,126.930857,224177.8
만리2구역주택재개발사업,주택재개발사업구역,37.554193,126.963429,66784.4
거여3구역주택재개발사업,주택재개발사업구역,37.493127,127.142962,36832.2
흑석8 주택재개발사업,주택재개발사업구역,37.504526,126.959722,34698.4
가재울3주택재개발사업,주택재개발사업구역,37.574098,126.910508,242556.3
신림1구역주택재개발사업,주택재개발사업구역,37.459716,126.920129,173904.7
남가좌8구역주택재개발사업,주택재개발사업구역,37.572018,126.912704,28271.0
옥수4구역주택재개발사업,주택재개발사업구역,37.533876,127.086484,55151.6
종암5구역 주택재개발사업,주택재개발사업구역,37.599493,127.038566,55114.6
대흥주택재개발정비사업,주택재개발사업구역,37.544645,126.942485,56929.2
신림5구역주택재개발사업,주택재개발사업구역,37.480517,126.929216,16032.5
상도2구역주택재개발사업,주택재개발사업구역,37.505212,126.934153,38212.2
녹번제1구역 주택재개발정비사업,주택재개발사업구역,37.604666,126.936339,181100.6
봉천13구역주택재개발사업,주택재개발사업구역,37.481667,126.944831,12272.4
신공덕3구역주택재개발사업,주택재개발사업구역,37.545444,126.956891,15267.2
마장 제2주택재개발정비구역,주택재개발사업구역,37.56516,127.043521,33190.6
전농 제11 주택재개발정비사업,주택재개발사업구역,37.576522,127.049496,28242.0
만리제1주택재개발정비구역,주택재개발사업구역,37.555046,126.965759,11333.9
하월곡1구역 주택정비형 재개발사업,주택재개발사업구역,37.608072,127.034913,78385.2
영천주택재개발사업,주택재개발사업구역,37.570088,126.958455,38639.7
명일주택재개발사업,주택재개발사업구역,37.550614,127.159776,16561.4
신수주택재개발사업,주택재개발사업구역,37.547795,126.936684,10103.0
상도15구역 주택정비형 재개발구역,주택재개발사업구역,37.495938,126.935534,141799.7
구로1구역주택재개발사업,주택재개발사업구역,37.490755,126.88927,24959.6
금호제13주택재개발정비구역,주택재개발사업구역,37.555282,127.018551,60049.0
사당3구역주택재개발사업,주택재개발사업구역,37.489746,126.971186,54495.8
천호동 397-419번지 일대 주택정비형재개발구,주택재개발사업구역,37.541326,127.132262,19347.4
남가좌6구역주택재개발사업,주택재개발사업구역,37.574606,126.920526,47799.0
대현1구역주택재개발사업,주택재개발사업구역,37.559558,126.947931,41553.9
청파 제1 주택정비형 재개발사업,주택재개발사업구역,37.546835,126.969121,32178.1
수색2구역주택재개발사업,주택재개발사업구역,37.586517,126.900333,67966.5
중화1재정비촉진사업,주택재개발사업구역,37.602365,127.076006,44531.0
북아현2 재정비촉진구역,주택재개발사업구역,37.55981,126.958292,122886.9
북아현1-2구역주택재개발사업,주택재개발사업구역,37.560558,126.953156,60329.2
미아제8주택재개발구역,주택재개발사업구역,37.618289,127.016965,83972.6
연희2구역 주택정비형 공공재개발사업,주택재개발사업구역,37.57613,126.93226,50448.7
전농제3-2주택재개발정비사업,주택재개발사업구역,37.575858,127.06542,26385.0
상계7구역주택재개발사업,주택재개발사업구역,37.663329,127.077153,33160.8
강북구 미아제3구역 주택재개발사업,주택재개발사업구역,37.626493,127.020313,60226.5
노량진4재정비촉진구역,주택재개발사업구역,37.507988,126.942042,40723.5
이문3구역주택재개발사업,주택재개발사업구역,37.604563,127.064821,70782.4
상계1구역-자력6구역 8블록 9롯트 일대,주택재개발사업구역,37.674161,127.083051,86976.0
거여4구역주택재개발사업,주택재개발사업구역,37.490833,127.150641,9789.5
신당5구역주택재개발사업,주택재개발사업구역,37.558288,127.017791,55577.5
홍제3구역주택재개발사업,주택재개발사업구역,37.587453,126.949941,61369.5
도봉2구역주택재개발사업,주택재개발사업구역,37.67343,127.047237,13446.2
마장동 382번지 일대 주택정비형 재개발사업,주택재개발사업구역,37.563285,127.045007,18034.6
만리제1주택재개발사업,주택재개발사업구역,37.555046,126.965759,11333.9
청량리재정비촉진지구전농12구역주택,주택재개발사업구역,37.57588,127.046339,16237.1
수색13 주택재개발사업,주택재개발사업구역,37.586217,126.893172,69682.6
용문구역 주택재개발,주택재개발사업구역,37.536265,126.9592,12831.7
흑석3구역,주택재개발사업구역,37.501551,126.961749,102975.2
가리봉1구역 주택정비형 재개발사업,주택재개발사업구역,37.48297,126.889319,83514.9
상계동 154-3일대 주택정비형 재개발정비구역,주택재개발사업구역,37.664318,127.07116,216778.2
옥수9구역주택재개발사업,주택재개발사업구역,37.542176,127.014042,49698.4
흑석7구역주택재개발사업,주택재개발사업구역,37.510311,126.960332,74307.4
아현1-3구역 주택재개발정비사업,주택재개발사업구역,37.555506,126.959204,23666.2
청파2구역 주택정비형 재개발사업,주택재개발사업구역,37.549089,126.966226,82558.6
전농7재정비촉진구역,주택재개발사업구역,37.576366,127.05251,152932.6
홍제14구역주택재개발사업,주택재개발사업구역,37.5784,126.951373,23686.0
상도제10구역주택재개발정비사업,주택재개발사업구역,37.505923,126.937768,32164.8
고척제4 주택재개발정비사업,주택재개발사업구역,37.503451,126.858685,41675.2
전농 제6구역 주택재개발정비사업,주택재개발사업구역,37.580413,127.060968,72049.5
시흥1구역주택재개발사업,주택재개발사업구역,37.448314,126.918625,202839.0
답십리제14구역 주택재개발정비사업,주택재개발사업구역,37.56773,127.059492,32857.9
신월1구역주택재개발사업,주택재개발사업구역,37.532978,126.826811,92528.9
응암동 755번지 일대 주택정비형 재개발사업,주택재개발사업구역,37.584628,126.92006,59407.9
명륜4구역주택재개발사업,주택재개발사업구역,37.581564,126.999795,9990.1
삼선1구역주택재개발사업,주택재개발사업구역,37.583719,127.013377,60469.2
정릉1구역주택재개발사업,주택재개발사업구역,37.600005,127.019453,30923.1
미아제10-1주택재개발정비구역,주택재개발사업구역,37.612745,127.025822,18651.8
가재울7 재정비촉진구역,주택재개발사업구역,37.578378,126.913422,79144.4
신월7동 1구역 주택정비형 재개발구역,주택재개발사업구역,37.522967,126.834262,130472.2
전농제9 주택재개발 정비사업,주택재개발사업구역,37.583262,127.051529,49061.1
옥수7구역주택재개발사업,주택재개발사업구역,37.543506,127.018288,62885.7
금호 제14-1 주택재개발 정비사업,주택재개발사업구역,37.547358,127.023042,5147.6
종암8구역 주택재개발 정비사업,주택재개발사업구역,37.596976,127.039869,26930.3
독산시흥구역,주택재개발사업구역,37.459012,126.900805,88333.5
서계 통합구역 주택정비형 재개발구역,주택재개발사업구역,37.551714,126.966053,113449.5
신공덕6구역주택재개발사업,주택재개발사업구역,37.544643,126.955942,10826.2
시흥1구역 주택정비형 재개발사업,주택재개발사업구역,37.457876,126.906726,68329.8
충정로1구역 주택정비형 공공재개발사업,주택재개발사업구역,37.560648,126.964311,7522.5
천호 3-1구역,주택재개발사업구역,37.543167,127.133194,26630.4
흑석11재정비촉진구역,주택재개발사업구역,37.504958,126.96897,89792.3
흑석9재정비촉진구역,주택재개발사업구역,37.504681,126.962901,94921.2
금호10구역주택재개발사업,주택재개발사업구역,37.549868,127.020671,20620.5
마천4구역,주택재개발사업구역,37.49276,127.154899,70610.8
안암제2구역 주택재개발정비사업,주택재개발사업구역,37.584972,127.023718,11189.2
한남4재정비촉진구역,주택재개발사업구역,37.526636,126.999395,160274.0
면목1구역주택재개발사업,주택재개발사업구역,37.572466,127.086351,23216.0
효창제6구역 주택재개발정비사업,주택재개발사업구역,37.547583,126.962704,18608.0
구로3구역주택재개발정비사업,주택재개발사업구역,37.48818,126.896187,21941.2
행당4구역주택재개발사업,주택재개발사업구역,37.556627,127.031805,25205.8
가재울4재정비촉진구역,주택재개발사업구역,37.572857,126.917175,284624.2
사당7구역주택재개발사업,주택재개발사업구역,37.493363,126.975098,11357.7
정릉골 주택재개발사업,주택재개발사업구역,37.614407,127.001698,204981.7
미아뉴타운지구 제12구역 주택재개발,주택재개발사업구역,37.617178,127.020369,69897.9
공덕 제6주택재개발정비사업,주택재개발사업구역,37.547968,126.956046,11227.4
역삼1구역주택재개발사업,주택재개발사업구역,37.490481,127.039974,54880.3
금호7구역주택재개발사업,주택재개발사업구역,37.550328,127.017988,18254.1
돈암1구역주택재개발사업,주택재개발사업구역,37.59865,127.015087,10584.0
금호6구역주택재개발사업,주택재개발사업구역,37.552373,127.02678,119162.2
상도3구역주택재개발사업,주택재개발사업구역,37.501607,126.931602,21974.1
노량진2재정비촉진구역,주택재개발사업구역,37.506978,126.93914,16204.2
노량진6재정비촉진구역,주택재개발사업구역,37.507655,126.936574,73238.2
마천5 재정비촉진구역,주택재개발사업구역,37.499099,127.149348,106474.9
응암7주택재개발정비사업,주택재개발사업구역,37.591962,126.925202,72565.0
봉천8구역주택재개발사업,주택재개발사업구역,37.48519,126.94407,75553.4
용두제1주택재개발정비구역,주택재개발사업구역,37.575495,127.036224,58262.4
홍제9구역주택재개발사업,주택재개발사업구역,37.583138,126.947201,45415.0
상계6구역주택재개발사업,주택재개발사업구역,37.671265,127.081728,227749.2
주택재개발사업(북아현1구역),주택재개발사업구역,37.560198,126.952496,244406.9
보문제3주택재개발정비사업,주택재개발사업구역,37.579958,127.018465,52487.6
당산1구역주택재개발사업,주택재개발사업구역,37.519747,126.90041,6659.9
효창2구역주택재개발사업,주택재개발사업구역,37.541965,126.957934,16169.2
신림7구역주택재개발사업,주택재개발사업구역,37.461643,126.919732,27774.3
재개발 정비구역,주택재개발사업구역,37.557192,127.037194,49445.4
천호동532-2번지일대 주택정비형재개발정비구역,주택재개발사업구역,37.540468,127.130842,24674.5
구로제8주택 재개발구역,주택재개발사업구역,37.486136,126.890309,19775.2
종암주택재개발사업,주택재개발사업구역,37.601042,127.037116,48328.0
용두5 주택재개발구역,주택재개발사업구역,37.5716,127.029269,37697.4
영동포1구역주택재개발사업,주택재개발사업구역,37.514825,126.912712,13649.9
구로4구역주택재개발사업,주택재개발사업구역,37.492016,126.894105,14906.1
번동 441-3번지 일대 주택정비형 재개발정비구역,주택재개발사업구역,37.634288,127.02864,33844.9
상도14구역 주택정비형 재개발구역,주택재개발사업구역,37.49894,126.936045,51421.8
수유1구역주택재개발사업,주택재개발사업구역,37.642382,127.018979,69777.9
수색9 재정비촉진구역 주택재개발사업,주택재개발사업구역,37.581057,126.900087,36346.0
돈암제5구역 주택재개발정비사업,주택재개발사업구역,37.600544,127.022851,20915.6
정릉제10구역주택재개발정비사업,주택재개발사업구역,37.601729,127.011375,17972.2
녹번제1구역 제2지구,주택재개발사업구역,37.604147,126.936243,66612.2
신림2재정비촉진구역,주택재개발사업구역,37.463697,126.930216,95974.7
신당1구역주택재개발사업,주택재개발사업구역,37.55998,127.021743,46163.9
방배2구역주택재개발사업,주택재개발사업구역,37.472647,126.984074,20649.4
효창제4주택정비형 재개발사업,주택재개발사업구역,37.540306,126.960144,10043.0
"성동구 금호제17,19 주택재개발구역 정",주택재개발사업구역,37.552787,127.022463,24355.8
상계2 재정비촉진구역,주택재개발사업구역,37.671742,127.078794,100721.5
신사2구역주택재개발사업,주택재개발사업구역,37.598806,126.90724,9987.8
한남3 재정비촉진구역,주택재개발사업구역,37.530337,127.002021,386360.5
주택재개발사업(북아현1-1구역),주택재개발사업구역,37.56211,126.951067,77395.5
신길4구역주택재개발사업,주택재개발사업구역,37.498529,126.902256,6184.2
휘경제2구역 주택재개발정비사업,주택재개발사업구역,37.591025,127.068367,15519.5
오류1구역주택재개발사업,주택재개발사업구역,37.499293,126.839164,51797.0
용두제6구역 주택재개발정비사업,주택재개발사업구역,37.579622,127.02818,53284.0
봉천4-2구역주택재개발사업,주택재개발사업구역,37.490312,126.944541,116097.4
휘경 제5 주택정비형재개발사업,주택재개발사업구역,37.585231,127.066575,49792.1
신림3재정비촉진구역,주택재개발사업구역,37.460665,126.932684,35082.5
금호1-7구역주택재개발사업,주택재개발사업구역,37.552972,127.028469,48765.3
북가좌2구역주택재개발사업,주택재개발사업구역,37.576543,126.913037,27056.4
천호3구역주택재개발사업,주택재개발사업구역,37.539194,127.129062,7230.0
대림1구역,주택재개발사업구역,37.493313,126.902903,42338.0
현석2주택재개발정비구역,주택재개발사업구역,37.543182,126.935381,38095.1
신계구역주택재개발정비사업,주택재개발사업구역,37.535769,126.966836,58626.9
정릉4구역주택재개발사업,주택재개발사업구역,37.617696,127.007859,133973.0
청운1구역주택재개발사업,주택재개발사업구역,37.591287,126.968196,15622.1
삼청1구역주택재개발사업,주택재개발사업구역,37.585612,126.984168,7127.9
용두2구역주택재개발사업,주택재개발사업구역,37.573419,127.036361,21542.9
천호A1-2구역(천호동461-31일대주택정비형재개발구역),주택재개발사업구역,37.540708,127.121838,30699.6
옥인주택재개발사업,주택재개발사업구역,37.603615,126.907639,31817.0
봉천6구역주택재개발사업,주택재개발사업구역,37.47266,126.965615,15019.4
재정비촉진구역,주택재개발사업구역,37.531188,126.997574,115004.2
옥수8구역주택재개발사업,주택재개발사업구역,37.540024,127.016245,35162.2
상계5재정비촉진구역,주택재개발사업구역,37.66881,127.078772,115427.1
마천3재정비촉진구역,주택재개발사업구역,37.494233,127.156544,134245.2
효창 제4주택재개발 정비구역,주택재개발사업구역,37.540306,126.960144,10043.0
흑석3 재정비촉진구역-주택재개발사,주택재개발사업구역,37.501537,126.961741,102038.5
영천구역 주택재개발정비구역,주택재개발사업구역,37.570949,126.959969,10962.0
불광제5 주택정비형 재개발사업,주택재개발사업구역,37.614605,126.930784,116433.4
보문1구역주택재개발사업,주택재개발사업구역,37.585574,127.016673,20959.1
홍제1구역주택재개발사업,주택재개발사업구역,37.594974,126.952558,48587.2
석관3구역주택재개발사업,주택재개발사업구역,37.607523,127.053616,15223.9
숭인동 56일대 주택정비형 재개발구역,주택재개발사업구역,37.578847,127.016618,42233.5
홍은10구역주택재개발사업,주택재개발사업구역,37.59694,126.937988,15754.8
고척3구역주택재개발사업,주택재개발사업구역,37.504639,126.859164,17657.3
신사1구역주택재개발사업,주택재개발사업구역,37.599,126.906221,14508.7
상계3재정비촉진구역,주택재개발사업구역,37.670602,127.08321,122385.4
주택재개발정비구역,주택재개발사업구역,37.477834,126.941738,28289.2
쌍문3구역 주택정비형 재개발사업,주택재개발사업구역,37.646106,127.026414,14975.7
장충1구역주택재개발사업,주택재개발사업구역,37.558964,127.001387,22527.3
황학구역 주택재개발정비사업,주택재개발사업구역,37.570864,127.021129,46521.2
행당제6주택재개발정비구역,주택재개발사업구역,37.555521,127.038409,50200.2
상도8구역주택재개발사업,주택재개발사업구역,37.494276,126.935614,13440.6
녹번제1구역 제1지구,주택재개발사업구역,37.601734,126.936726,39311.5
청량리6구역주택재개발사업,주택재개발사업구역,37.588756,127.041328,84486.4
상봉13구역 주택정비형 재개발사업,주택재개발사업구역,37.595296,127.095648,49353.2
천호A1-1구역 주택정비형 공공재개발사업,주택재개발사업구역,37.541393,127.120512,26549.0
중계본동 주택재개발정비사업,주택재개발사업구역,37.642694,127.086069,188151.8
북아현1-3구역 주택재개발사업,주택재개발사업구역,37.558607,126.953161,106665.7
홍은제8주택재개발정비사업,주택재개발사업구역,37.599404,126.946145,33755.9
북가좌1구역주택재개발사업,주택재개발사업구역,37.575894,126.909091,30891.3
불광1구역주택재개발사업,주택재개발사업구역,37.611829,126.934086,37428.2
보문4구역주택재개발사업,주택재개발사업구역,37.583093,127.016263,31622.7
성수전략정비구역 제3주택정비형 재개발정비구역,주택재개발사업구역,37.53648,127.055369,114215.0
수유2구역주택재개발사업,주택재개발사업구역,37.64463,127.0184,27574.5
전농5구역주택재개발사업,주택재개발사업구역,37.581857,127.055594,21119.8
고척동 253번지 일대 주택정비형 재개발사업,주택재개발사업구역,37.504408,126.8501,63422.6
보문5구역주택재개발정비구역,주택재개발사업구역,37.585005,127.020334,10798.5
금호 제21 주택정비형 재개발구역,주택재개발사업구역,37.549474,127.023964,75446.8
월계4주택재개발사업구역,주택재개발사업구역,37.640617,127.052921,24005.7
성동구 하왕 제1-5구역 주택재개발 정,주택재개발사업구역,37.560347,127.024768,32919.7
신길 제2구역 주택재개발정비사업,주택재개발사업구역,37.512657,126.912959,116914.1
중화5구역 주택정비형 공공재개발사업,주택재개발사업구역,37.600292,127.083872,70998.7
종암9구역 주택정비형 재개발사업,주택재개발사업구역,37.598372,127.028542,33232.5
불광8 주택정비형 재개발사업,주택재개발사업구역,37.611214,126.932282,13221.6
공덕8구역 주택정비형 재개발사업,주택재개발사업구역,37.549165,126.961376,84390.5
홍은5구역주택재개발사업,주택재개발사업구역,37.594788,126.943119,167960.8
불광3구역주택재개발사업,주택재개발사업구역,37.618704,126.934889,76996.9
옥수12구역주택재개발사업,주택재개발사업구역,37.545193,127.013993,92836.8
불광2구역주택재개발사업,주택재개발사업구역,37.612558,126.937138,44805.1
이문2구역주택재개발사업,주택재개발사업구역,37.599999,127.06849,48089.2
응암제3주택재개발정비사업,주택재개발사업구역,37.598674,126.92662,18639.2
대흥제3주택재개발구역,주택재개발사업구역,37.54913,126.941888,28282.2
수색4재정비촉진구역,주택재개발사업구역,37.584812,126.89198,61518.4
옥수1구역주택재개발사업,주택재개발사업구역,37.548063,127.013559,66544.7
신당10구역주택재개발사업,주택재개발사업구역,37.564266,127.01247,42849.1
대방주택재개발사업,주택재개발사업구역,37.50827,126.921119,6777.8
쌍문1구역주택재개발사업,주택재개발사업구역,37.648291,127.023053,16482.0
증산2재정비촉진구역,주택재개발사업구역,37.580342,126.90298,78755.4
용강제3주택재개발 정비구역,주택재개발사업구역,37.541379,126.943669,30463.2
목2동 232번지 일대 주택정비형 재개발사업,주택재개발사업구역,37.540644,126.869858,22315.0
면목7구역 주택정비형재개발사업,주택재개발사업구역,37.587469,127.093002,58483.2
길음1재정비촉진구역,주택재개발사업구역,37.608001,127.026191,107533.9
장위 14구역,주택재개발사업구역,37.612896,127.04378,145358.4
묵정1구역주택재개발사업,주택재개발사업지구,37.56068,127.000058,3242.2
대림1구역주택재개발사업,주택재개발사업지구,37.496725,126.894707,19590.4
금호1-6구역주택재개발사업,주택재개발사업지구,37.555718,127.028953,107879.8
행당1구역주택재개발사업,주택재개발사업지구,37.553512,127.035734,40993.8
시흥2-1구역주택재개발사업,주택재개발사업지구,37.451563,126.918887,91386.6
흑석1-1구역주택재개발사업,주택재개발사업지구,37.507861,126.966943,35824.5
홍은4-3구역주택재개발사업,주택재개발사업지구,37.597862,126.945605,31199.7
금호1-1구역주택재개발사업,주택재개발사업지구,37.552968,127.032538,20477.2
신림2-1구역주택재개발사업,주택재개발사업지구,37.462807,126.926276,84235.0
신길2-1구역주택재개발사업,주택재개발사업지구,37.506264,126.913221,44430.5
하왕1-3구역주택재개발사업,주택재개발사업지구,37.56182,127.025971,32747.1
금호1-4구역주택재개발사업,주택재개발사업지구,37.550217,127.02949,16028.5
홍은5-1구역주택재개발사업,주택재개발사업지구,37.594637,126.941075,56537.4
중계4-2구역주택재개발사업,주택재개발사업지구,37.653601,127.072427,31184.6
충정1-2구역주택재개발사업,주택재개발사업지구,37.558625,126.962724,12435.4
효창2-1구역주택재개발사업,주택재개발사업지구,37.540744,126.956968,3291.1
신정6-2구역주택재개발사업,주택재개발사업지구,37.516185,126.876437,25396.1
수색2-1구역주택재개발사업,주택재개발사업지구,37.586742,126.900338,56688.9
응암4-2구역주택재개발사업,주택재개발사업지구,37.585805,126.918859,204963.0
불광제4주택재개발구역,주택재개발사업지구,37.612991,126.933426,27471.9
거여2재정비촉진구역 2지구,주택재개발사업지구,37.493841,127.150176,59920.2
충정1-3구역주택재개발사업,주택재개발사업지구,37.557852,126.965057,45896.3
상계3-2구역주택재개발사업,주택재개발사업지구,37.667875,127.08137,30350.2
신길2-2구역주택재개발사업,주택재개발사업지구,37.505482,126.912249,16541.3
신림2-2구역주택재개발사업,주택재개발사업지구,37.460817,126.927885,26249.0
홍은4-2구역주택재개발사업,주택재개발사업지구,37.599366,126.944114,48533.0
중계4-1구역주택재개발사업,주택재개발사업지구,37.65138,127.070683,28278.2
홍은4-1구역주택재개발사업,주택재개발사업지구,37.597451,126.944612,16641.5
금호1-5구역주택재개발사업,주택재개발사업지구,37.554378,127.032761,25007.3
창신1-1구역주택재개발사업,주택재개발사업지구,37.58049,127.014,25925.1
본동2-1구역주택재개발사업,주택재개발사업지구,37.5096,126.947765,40895.2
답십리6-4구역주택재개발사업,주택재개발사업지구,37.574953,127.045812,13216.2
답십리6-1구역주택재개발사업,주택재개발사업지구,37.57269,127.044119,7353.8
돈암2-1구역주택재개발사업,주택재개발사업지구,37.602994,127.02426,32114.0
효창2-2구역주택재개발사업,주택재개발사업지구,37.541902,126.957786,7947.7
충정1-1구역주택재개발사업,주택재개발사업지구,37.558097,126.963697,13803.9
봉천7-2구역주택재개발사업,주택재개발사업지구,37.487648,126.960799,96482.1
상계4-2구역주택재개발사업,주택재개발사업지구,37.663096,127.074561,23980.5
금호1-2구역주택재개발사업,주택재개발사업지구,37.551066,127.03091,32823.0
홍은5-3구역주택재개발사업,주택재개발사업지구,37.59526,126.944626,77884.6
홍은5-8구역주택재개발사업,주택재개발사업지구,37.596051,126.946245,793.8
묵정2구역주택재개발사업,주택재개발사업지구,37.560759,127.000697,2518.1
봉천7-1구역주택재개발사업,주택재개발사업지구,37.484998,126.959753,71582.2
효창2-3구역주택재개발사업,주택재개발사업지구,37.543134,126.959208,3320.9
하왕1-2구역주택재개발사업,주택재개발사업지구,37.563272,127.026329,14401.6
무교다동 23-9 지구,주택재개발사업지구,37.5673,126.981812,188.6
금호1-3구역주택재개발사업,주택재개발사업지구,37.551963,127.033294,48168.8
사당2-2구역주택재개발사업,주택재개발사업지구,37.486234,126.973051,71362.7
전농3-1구역주택재개발사업,주택재개발사업지구,37.576789,127.064784,94912.8
본동2-3구역주택재개발사업,주택재개발사업지구,37.508805,126.950105,21779.7
녹번제1구역제1지구 주택재개발,주택재개발사업지구,37.601734,126.936726,39311.5
사당3-2구역주택재개발사업,주택재개발사업지구,37.489177,126.970453,35108.5
금호5-1구역주택재개발사업,주택재개발사업지구,37.549945,127.016448,56447.2
답십리3-2구역주택재개발사업,주택재개발사업지구,37.571449,127.060707,38713.2
상계3-1구역주택재개발사업,주택재개발사업지구,37.666802,127.079473,25958.3
흑석1-2구역주택재개발사업,주택재개발사업지구,37.506536,126.970463,53392.9
신정6-1구역주택재개발사업,주택재개발사업지구,37.520345,126.877206,55779.7
본동2-2구역주택재개발사업,주택재개발사업지구,37.507439,126.949421,45438.7
답십리6-3구역주택재개발사업,주택재개발사업지구,37.574815,127.044659,9285.9
사당2-1구역주택재개발사업,주택재개발사업지구,37.488126,126.970397,12471.0
수색2-2구역주택재개발사업,주택재개발사업지구,37.585385,126.900308,11277.5
답십리3-1구역주택재개발사업,주택재개발사업지구,37.570946,127.062294,26679.4
신길2-3구역주택재개발사업,주택재개발사업지구,37.506321,126.914582,52946.7
상계4-1구역주택재개발사업,주택재개발사업지구,37.661073,127.072443,50555.5
녹번제1-3지구_주택재개발정비사업,주택재개발사업지구,37.606663,126.936222,75085.6
행당3구역주택재개발사업,주택재개발사업지구,37.553101,127.03729,13186.1
하왕1-4구역주택재개발정사업,주택재개발사업지구,37.559067,127.025302,42155.3
창신1-2구역주택재개발사업,주택재개발사업지구,37.580341,127.011845,39975.9
도화1구역주택재개발사업,주택재개발사업지구,37.539565,126.954053,56658.6
안암1 주택재건축 정비사업,주택재건축사업,37.582563,127.024409,15178.0
방배5 주택재건축 정비구역,주택재건축사업,37.483749,126.988863,176777.0
주택재건축사업,주택재건축사업,37.517529,127.107081,75647.4
방배14 주택재건축정비사업,주택재건축사업,37.481269,126.991437,27486.8
방배 제7주택재건축정비구역,주택재건축사업,37.48771,126.997284,17374.1
월계동 487-17일대 주택재건축 정비사업,주택재건축사업,37.615992,127.062204,14942.4
자양한양아파트 주택재건축정비구역,주택재건축사업,37.531946,127.090952,40179.9
미장세림아파트 주택재건축사업,주택재건축사업,37.564881,127.045138,38909.2
방화5재정비촉진구역,주택재건축사업,37.564868,126.813804,99513.9
개포우성7차아파트 재건축사업,주택재건축사업,37.492285,127.078285,48983.7
동작1주택재건축 정비구역,주택재건축사업,37.497651,126.982289,20810.4
방배6 주택재건축 정비구역,주택재건축사업,37.490312,126.988929,63242.9
자양1 주택재건축정비구역,주택재건축사업,37.537541,127.062999,39589.1
미아4재정비촉진구역,주택재건축사업,37.612353,127.023312,28928.4
서울가든빌라 주택재건축 정비사업,주택재건축사업,37.492337,126.830773,28110.8
"개포주공6,7단지 주택재건축정비구역",주택재건축사업,37.488851,127.071648,116682.5
사당5 주택재건축정비사업,주택재건축사업,37.477876,126.970623,20312.8
신정4재정비촉진구역,주택재건축사업,37.519515,126.849402,82077.3
홍은제1 주택재건축 정비사업,주택재건축사업,37.594525,126.939986,19183.8
방배15 주택재건축 정비사업,주택재건축사업,37.480454,126.98628,85053.5
강남원 효성빌라 재건축 정비사업,주택재건축사업,37.495705,126.995771,24685.3
방배신삼호아파트 주택재건축 정비사업,주택재건축사업,37.497152,126.989743,44553.7
역촌1 주택재건축 정비구역,주택재건축사업,37.603615,126.907639,31817.0
불광1 주택재건축 정비구역,주택재건축사업,37.62055,126.932659,25946.3
여의도 한양아파트 주택재건축정비사업,주택재건축사업,37.521435,126.932538,36578.8
면목4 주택재건축정비구역,주택재건축사업,37.585468,127.095921,14913.8
미아동 3-111번지 일대 주택재건축정비사업,주택재건축사업,37.619815,127.033024,10194.9
개포통합 주택재건축 정비사업,주택재건축사업,37.483949,127.054683,132308.3
성수1주택재건축 정비구역,주택재건축사업,37.550126,127.045619,14185.2
잠실미성크로바아파트재건축사업,주택재건축사업,37.517529,127.107081,75647.4
개포주공4단지 주택재건축 정비사업,주택재건축사업,37.485658,127.071314,181497.4
역삼동 758번지일대 주택재건축정비사업,주택재건축사업,37.496996,127.04748,12262.8
개포우성4차아파트 재건축사업,주택재건축사업,37.485327,127.049383,46064.9
긴등마을 재정비촉진구역,주택재건축사업,37.564181,126.817965,31428.5
홍제3 주택재건축 정비구역,주택재건축사업,37.584695,126.949766,27289.2
홍은 제2주택재건축정비구역,주택재건축사업,37.586298,126.924725,33372.3
홍은제6주택 재건축정비구역,주택재건축사업,37.599754,126.944674,13082.3
신반포2차아파트 주택재건축 정비사업,주택재건축사업,37.510419,127.002145,116070.9
홍실아파트 주택재건축 정비사업,주택재건축사업,37.51997,127.059637,25656.0
신길13재정비촉진구역,주택재건축사업,37.501318,126.907473,15119.3
대흥·성원·동진빌라 주택재건축 정비구역,주택재건축사업,37.490318,126.823463,57935.9
공덕1 주택재건축 정비구역,주택재건축사업,37.550157,126.957537,58624.9
신안빌라 주택재건축정비사업,주택재건축사업,37.57117,126.823567,17626.4
고덕현대아파트 주택재건축사업,주택재건축사업,37.550504,127.153526,37658.8
가락프라자아파트 주택재건축사업,주택재건축사업,37.491951,127.133529,45808.8
응암4주택재건축,주택재건축사업,37.595477,126.923822,19870.8
개봉5 주택재건축 정비사업,주택재건축사업,37.499443,126.846875,13284.3
신동아1·2차아파트 주택재건축 정비사업,주택재건축사업,37.539483,127.1494,46252.8
공릉1 주택재건축정비사업,주택재건축사업,37.625889,127.08335,75899.0
방화3재정비촉진구역,주택재건축사업,37.56564,126.809158,91952.4
둔촌주공아파트 주택재건축사업 정비구역,주택재건축사업,37.523897,127.13943,626232.1
미아4-1구역 주택재건축정비사업,주택재건축사업,37.615152,127.037974,53379.7
문정동 136번지 일원 주택재건축정비구역,주택재건축사업,37.488868,127.134258,64974.9
잠실우성4차아파트주택재건축정비구역,주택재건축사업,37.502823,127.082923,31961.5
신사1 주택건축 정비사업,주택재건축사업,37.59121,126.906809,23277.9
방배 제13주택재건축 정비사업,주택재건축사업,37.477732,126.990879,131561.9
봉천1-1 주택재건축 정비구역,주택재건축사업,37.492623,126.928307,35682.8
성산시영아파트 주택재건축정비사업,주택재건축사업,37.56971,126.902235,182618.4
